zone,crop_type,growing_stage,stage_day_of_year,temperature,humidity,precipitation,yield_value,disease_probability
northwest,winter_wheat,sowing,96,-4.0,55.8,10.2,20.4,0.17
northwest,winter_wheat,sowing,112,-2.0,77.1,8.6,22.3,0.09
northwest,winter_wheat,sowing,91,-4.8,78.2,0.5,21.7,0.2
northwest,winter_wheat,sowing,115,-1.0,64.3,4.5,25.2,0.11
northwest,winter_wheat,sowing,109,-1.9,52.4,8.5,17.8,0.1
northwest,winter_wheat,sowing,93,-4.5,67.1,5.2,16.7,0.13
northwest,winter_wheat,sowing,117,-0.8,55.1,7.3,17.9,0.25
northwest,winter_wheat,tillering,165,5.6,76.6,7.7,23.6,0.19
northwest,winter_wheat,tillering,144,2.4,58.7,1.2,23.8,0.16
northwest,winter_wheat,tillering,147,4.1,70.6,15.7,28.4,0.14
northwest,winter_wheat,tillering,158,6.8,55.8,16.8,31.5,0.12
northwest,winter_wheat,tillering,153,3.3,59.3,12.0,29.6,0.19
northwest,winter_wheat,tillering,168,7.9,81.6,15.1,26.4,0.1
northwest,winter_wheat,tillering,152,5.3,73.2,10.0,25.0,0.19
northwest,winter_wheat,booting,194,9.3,76.9,14.8,30.3,0.22
northwest,winter_wheat,booting,198,9.4,77.0,2.6,28.9,0.12
northwest,winter_wheat,booting,191,11.7,64.7,10.0,41.4,0.26
northwest,winter_wheat,booting,174,9.4,61.3,1.8,29.7,0.12
northwest,winter_wheat,booting,161,6.7,62.6,2.3,30.0,0.13
northwest,winter_wheat,booting,179,10.9,70.9,14.9,38.2,0.29
northwest,winter_wheat,booting,192,9.9,74.8,0.5,29.0,0.14
northwest,winter_wheat,booting,165,6.9,66.5,4.3,26.2,0.15
northwest,winter_wheat,heading_flowering,204,11.0,62.6,11.4,32.9,0.2
northwest,winter_wheat,heading_flowering,201,11.1,70.8,6.3,30.3,0.19
northwest,winter_wheat,heading_flowering,238,22.1,70.1,1.2,40.0,0.6
northwest,winter_wheat,heading_flowering,191,11.1,68.7,10.8,35.1,0.2
northwest,winter_wheat,heading_flowering,206,14.7,67.1,12.9,39.6,0.36
northwest,winter_wheat,heading_flowering,237,20.5,62.3,11.5,45.8,0.48
northwest,winter_wheat,heading_flowering,225,12.9,72.5,5.2,36.0,0.24
northwest,winter_wheat,heading_flowering,222,15.1,72.5,17.8,38.4,0.43
northwest,winter_wheat,ripening_maturity,269,27.3,85.7,6.6,33.9,0.92
northwest,winter_wheat,ripening_maturity,276,24.5,67.6,24.6,49.4,0.56
northwest,winter_wheat,ripening_maturity,251,21.5,68.6,8.4,46.8,0.73
northwest,winter_wheat,ripening_maturity,243,18.4,84.7,19.3,39.4,0.67
northwest,winter_wheat,ripening_maturity,259,22.6,59.2,2.8,44.6,0.18
northwest,winter_wheat,ripening_maturity,265,23.1,80.0,15.8,33.3,0.85
northwest,winter_wheat,ripening_maturity,252,20.9,73.8,14.9,36.1,0.57
northwest,spring_barley,sowing,95,-4.2,77.0,8.3,16.4,0.2
northwest,spring_barley,sowing,106,-2.9,80.7,6.6,13.5,0.28
northwest,spring_barley,sowing,117,-1.4,79.3,6.4,18.9,0.29
northwest,spring_barley,sowing,107,-2.3,79.0,9.6,15.9,0.12
northwest,spring_barley,sowing,104,-2.4,54.9,7.2,18.5,0.25
northwest,spring_barley,sowing,90,-5.0,71.3,7.1,13.9,0.18
northwest,spring_barley,emergence,127,1.6,79.3,7.9,17.8,0.26
northwest,spring_barley,emergence,110,-2.3,63.0,1.2,20.4,0.11
northwest,spring_barley,emergence,111,-2.1,68.5,1.0,17.3,0.21
northwest,spring_barley,emergence,138,3.4,78.3,4.3,15.5,0.16
northwest,spring_barley,emergence,120,-0.9,67.2,11.3,16.4,0.22
northwest,spring_barley,emergence,113,-1.0,57.0,6.1,18.8,0.13
northwest,spring_barley,emergence,125,1.4,67.3,5.1,22.5,0.15
northwest,spring_barley,emergence,137,3.0,60.0,3.3,17.2,0.19
northwest,spring_barley,tillering,154,5.6,61.8,16.0,24.9,0.21
northwest,spring_barley,tillering,151,5.4,54.6,9.6,18.1,0.12
northwest,spring_barley,tillering,158,4.4,55.0,1.2,23.3,0.24
northwest,spring_barley,tillering,141,1.8,75.6,12.9,17.5,0.19
northwest,spring_barley,tillering,166,6.6,72.5,11.3,18.3,0.17
northwest,spring_barley,tillering,148,4.2,78.7,10.9,16.8,0.11
northwest,spring_barley,tillering,131,0.5,69.7,14.3,19.6,0.18
northwest,spring_barley,heading_flowering,222,15.6,73.3,20.0,26.7,0.58
northwest,spring_barley,heading_flowering,199,10.5,64.0,4.6,25.4,0.22
northwest,spring_barley,heading_flowering,239,20.0,60.0,7.5,36.3,0.21
northwest,spring_barley,heading_flowering,223,14.3,71.9,14.9,25.9,0.57
northwest,spring_barley,heading_flowering,225,15.7,86.1,11.9,23.4,0.43
northwest,spring_barley,heading_flowering,224,19.6,69.4,8.2,35.4,0.5
northwest,spring_barley,heading_flowering,221,18.2,69.8,16.0,33.9,0.36
northwest,spring_barley,heading_flowering,206,13.5,71.0,8.1,25.1,0.24
northwest,spring_barley,ripening_maturity,255,16.8,85.8,2.6,23.0,0.58
northwest,spring_barley,ripening_maturity,271,24.3,78.5,11.2,26.5,0.66
northwest,spring_barley,ripening_maturity,278,21.8,88.3,19.5,22.6,1.0
northwest,spring_barley,ripening_maturity,277,20.2,76.3,11.2,34.6,0.68
northwest,spring_barley,ripening_maturity,237,21.8,78.4,18.6,34.6,1.0
northwest,spring_barley,ripening_maturity,265,24.5,61.4,19.8,34.7,0.23
northwest,spring_barley,ripening_maturity,256,18.9,76.2,20.3,33.6,0.44
northwest,spring_barley,ripening_maturity,226,20.0,79.8,8.4,23.9,0.77
northwest,corn,sowing,107,-2.3,52.6,2.1,26.7,0.26
northwest,corn,sowing,90,-5.0,78.9,0.6,32.9,0.12
northwest,corn,sowing,110,-2.3,78.8,12.7,28.0,0.27
northwest,corn,sowing,114,-1.2,70.1,9.9,35.0,0.25
northwest,corn,sowing,111,-1.8,73.2,12.7,39.9,0.13
northwest,corn,sowing,95,-4.2,68.9,3.9,28.0,0.22
northwest,corn,emergence,135,1.5,60.3,5.9,35.6,0.21
northwest,corn,emergence,140,3.0,61.9,12.9,45.2,0.15
northwest,corn,emergence,123,-0.5,80.0,6.4,33.8,0.32
northwest,corn,emergence,119,0.2,77.5,1.1,28.0,0.2
northwest,corn,emergence,110,-1.9,80.6,5.5,33.9,0.2
northwest,corn,emergence,136,3.1,77.6,7.5,36.8,0.17
northwest,corn,emergence,125,-0.3,72.6,8.1,39.4,0.32
northwest,corn,emergence,132,2.2,80.6,13.0,32.1,0.21
northwest,corn,tillering,130,2.3,70.3,3.8,42.9,0.25
northwest,corn,tillering,157,4.8,54.2,8.7,40.6,0.3
northwest,corn,tillering,141,3.9,81.7,1.9,41.5,0.25
northwest,corn,tillering,152,5.6,71.9,11.8,38.8,0.14
northwest,corn,tillering,167,7.0,81.4,5.6,41.4,0.27
northwest,corn,tillering,158,4.5,81.4,8.6,34.4,0.22
northwest,corn,tillering,163,7.0,64.3,4.0,50.2,0.19
northwest,corn,heading_flowering,236,15.2,61.5,3.8,49.9,0.51
northwest,corn,heading_flowering,229,18.4,69.7,19.0,62.3,0.99
northwest,corn,heading_flowering,240,15.1,63.0,6.6,51.5,0.26
northwest,corn,heading_flowering,190,11.0,65.9,17.1,46.1,0.37
northwest,corn,heading_flowering,216,11.8,80.6,13.2,39.2,0.62
northwest,corn,heading_flowering,237,14.8,66.0,18.0,65.2,0.31
northwest,corn,heading_flowering,204,13.2,83.7,5.1,51.8,0.46
northwest,corn,heading_flowering,191,12.3,56.4,5.2,56.0,0.63
northwest,corn,ripening_maturity,265,24.9,60.1,20.9,59.1,0.4
northwest,corn,ripening_maturity,244,21.2,63.6,13.0,77.2,0.27
northwest,corn,ripening_maturity,263,19.9,69.4,11.6,60.4,0.78
northwest,corn,ripening_maturity,237,15.0,73.9,13.2,60.2,0.42
northwest,corn,ripening_maturity,238,17.4,67.9,20.1,64.4,0.33
northwest,corn,ripening_maturity,278,29.5,78.1,6.3,43.5,0.59
northwest,corn,ripening_maturity,274,23.9,85.2,2.6,60.3,0.5
northwest,corn,ripening_maturity,228,13.7,73.0,9.2,64.1,0.28
northwest,oats,sowing,91,-4.8,77.6,0.6,14.5,0.15
northwest,oats,sowing,95,-4.2,78.1,7.4,12.8,0.12
northwest,oats,sowing,101,-3.5,68.9,4.2,14.6,0.1
northwest,oats,sowing,93,-4.6,68.0,5.0,13.4,0.16
northwest,oats,sowing,99,-3.3,60.1,10.7,12.7,0.18
northwest,oats,sowing,106,-2.8,65.0,8.4,16.9,0.09
northwest,oats,sowing,94,-4.3,79.2,2.0,13.3,0.22
northwest,oats,tillering,141,2.7,80.5,11.6,12.8,0.19
northwest,oats,tillering,140,3.7,58.7,3.0,15.4,0.2
northwest,oats,tillering,143,3.4,63.6,14.1,17.8,0.2
northwest,oats,tillering,168,5.7,82.3,11.3,15.6,0.1
northwest,oats,tillering,144,4.6,67.7,12.0,19.6,0.22
northwest,oats,tillering,162,7.2,77.1,2.9,16.4,0.18
northwest,oats,booting,164,8.2,64.2,14.4,18.2,0.2
northwest,oats,booting,183,10.2,70.0,10.3,21.7,0.27
northwest,oats,booting,161,4.4,71.7,9.9,19.7,0.16
northwest,oats,booting,179,7.6,81.9,10.9,17.0,0.14
northwest,oats,booting,171,6.1,81.8,14.2,13.8,0.17
northwest,oats,booting,187,9.7,57.2,1.9,17.6,0.2
northwest,oats,booting,170,7.4,57.6,17.5,22.3,0.09
northwest,oats,heading_flowering,190,12.7,70.8,11.5,22.1,0.17
northwest,oats,heading_flowering,198,10.4,79.3,12.0,16.7,0.27
northwest,oats,heading_flowering,215,17.5,67.0,7.5,29.3,0.29
northwest,oats,heading_flowering,232,13.9,84.9,5.8,20.8,0.2
northwest,oats,heading_flowering,213,13.2,79.9,6.1,18.7,0.21
northwest,oats,heading_flowering,238,15.9,86.6,3.7,19.9,0.18
northwest,oats,heading_flowering,229,17.0,75.2,1.9,26.7,0.21
northwest,oats,heading_flowering,208,12.7,70.3,12.9,22.0,0.4
northwest,oats,ripening_maturity,238,15.0,81.1,10.4,21.9,0.28
northwest,oats,ripening_maturity,269,23.2,82.4,2.9,22.6,0.35
northwest,oats,ripening_maturity,222,15.0,65.1,13.8,24.8,0.16
northwest,oats,ripening_maturity,247,22.6,84.3,9.6,24.4,0.45
northwest,oats,ripening_maturity,242,20.4,58.6,2.8,30.4,0.2
northwest,oats,ripening_maturity,252,21.1,80.2,18.7,29.9,0.66
northwest,oats,ripening_maturity,265,25.7,71.1,16.2,23.0,0.36
northwest,oats,ripening_maturity,267,19.1,78.3,17.9,27.9,0.28
northwest,rye,sowing,99,-3.4,61.4,0.9,17.2,0.12
northwest,rye,sowing,119,-0.6,77.4,3.6,18.3,0.18
northwest,rye,sowing,106,-2.2,65.5,12.2,18.4,0.13
northwest,rye,sowing,108,-2.1,73.2,9.7,14.6,0.1
northwest,rye,sowing,111,-1.3,80.6,7.5,12.5,0.11
northwest,rye,sowing,100,-3.3,66.4,10.8,15.6,0.08
northwest,rye,sowing,94,-4.3,75.1,3.0,11.0,0.09
northwest,rye,tillering,160,7.4,71.6,10.5,22.6,0.09
northwest,rye,tillering,130,0.4,70.2,4.1,16.5,0.11
northwest,rye,tillering,165,7.7,62.9,10.1,22.2,0.16
northwest,rye,tillering,151,5.4,59.7,1.0,18.3,0.15
northwest,rye,tillering,146,3.8,70.9,5.7,21.2,0.08
northwest,rye,tillering,138,2.2,64.9,11.2,20.1,0.13
northwest,rye,tillering,164,7.9,77.9,12.2,18.2,0.15
northwest,rye,booting,178,8.0,78.9,17.6,22.1,0.17
northwest,rye,booting,171,8.0,80.5,13.2,21.9,0.16
northwest,rye,booting,175,10.0,62.0,9.1,21.0,0.42
northwest,rye,booting,185,7.7,76.2,17.4,17.7,0.15
northwest,rye,booting,166,5.1,74.9,5.6,22.3,0.21
northwest,rye,booting,182,11.0,77.2,1.5,21.5,0.29
northwest,rye,booting,198,9.4,73.6,4.9,18.6,0.08
northwest,rye,booting,196,11.9,68.8,8.2,25.3,0.37
northwest,rye,heading_flowering,193,12.8,65.0,12.3,30.1,0.31
northwest,rye,heading_flowering,191,8.4,81.4,0.9,22.4,0.14
northwest,rye,heading_flowering,221,18.7,59.0,0.7,23.1,0.16
northwest,rye,heading_flowering,233,18.5,83.7,21.6,26.8,0.39
northwest,rye,heading_flowering,228,17.0,79.2,0.6,24.4,0.22
northwest,rye,heading_flowering,239,16.9,64.9,1.4,23.2,0.42
northwest,rye,heading_flowering,198,9.8,67.4,2.9,27.9,0.18
northwest,rye,heading_flowering,226,13.5,69.7,18.9,29.8,0.27
northwest,rye,ripening_maturity,232,21.1,79.8,1.9,25.7,0.75
northwest,rye,ripening_maturity,273,24.9,75.0,6.0,23.6,0.3
northwest,rye,ripening_maturity,268,27.4,84.2,19.5,24.3,0.4
northwest,rye,ripening_maturity,236,15.4,82.2,5.3,20.5,0.29
northwest,rye,ripening_maturity,228,19.7,83.1,10.1,23.9,0.32
northwest,rye,ripening_maturity,248,23.2,87.0,19.8,27.4,0.65
northwest,rye,ripening_maturity,224,17.8,65.5,5.8,23.4,0.33
northwest,millet,sowing,105,-2.6,53.2,3.4,9.6,0.07
northwest,millet,sowing,106,-2.8,77.3,7.2,10.3,0.13
northwest,millet,sowing,97,-4.0,55.1,2.5,8.1,0.09
northwest,millet,sowing,110,-1.7,69.6,10.5,8.7,0.17
northwest,millet,sowing,115,-1.1,77.7,0.6,10.6,0.09
northwest,millet,sowing,96,-4.2,74.9,10.8,8.6,0.06
northwest,millet,sowing,102,-3.0,80.1,8.6,7.7,0.14
northwest,millet,emergence,133,2.5,56.1,4.7,9.0,0.12
northwest,millet,emergence,113,-1.9,60.2,10.1,8.2,0.14
northwest,millet,emergence,110,-2.3,53.3,11.9,10.9,0.15
northwest,millet,emergence,121,0.3,55.5,11.1,8.3,0.07
northwest,millet,emergence,115,-1.2,75.9,3.9,7.6,0.08
northwest,millet,emergence,111,-1.1,63.9,6.5,9.2,0.16
northwest,millet,emergence,138,2.1,77.7,12.2,9.4,0.08
northwest,millet,tillering,144,4.2,58.9,14.0,13.1,0.13
northwest,millet,tillering,145,3.8,57.7,3.7,9.9,0.08
northwest,millet,tillering,156,6.6,76.3,10.7,10.5,0.07
northwest,millet,tillering,132,0.9,66.1,0.5,11.9,0.14
northwest,millet,tillering,149,4.1,59.1,8.3,10.0,0.14
northwest,millet,tillering,131,2.1,61.5,7.2,9.3,0.07
northwest,millet,heading_flowering,207,13.4,74.2,6.2,16.2,0.34
northwest,millet,heading_flowering,227,19.6,78.9,16.2,14.1,0.23
northwest,millet,heading_flowering,235,15.2,72.6,13.8,17.3,0.26
northwest,millet,heading_flowering,221,18.7,59.1,11.5,20.3,0.15
northwest,millet,heading_flowering,202,10.2,67.8,3.1,15.3,0.3
northwest,millet,heading_flowering,239,21.0,59.1,15.1,21.8,0.16
northwest,millet,heading_flowering,195,12.1,74.0,12.1,13.4,0.36
northwest,millet,heading_flowering,197,13.1,79.7,7.0,15.8,0.15
northwest,millet,ripening_maturity,239,18.9,75.8,17.6,16.6,0.2
northwest,millet,ripening_maturity,279,27.1,62.4,2.0,15.7,0.16
northwest,millet,ripening_maturity,264,23.5,69.0,11.5,20.4,0.51
northwest,millet,ripening_maturity,272,25.3,74.5,13.8,18.4,0.27
northwest,millet,ripening_maturity,251,20.8,73.3,2.3,17.2,0.27
northwest,millet,ripening_maturity,273,19.4,67.4,11.6,21.2,0.46
northwest,millet,ripening_maturity,280,28.5,78.9,18.5,16.6,0.5
northwest,millet,ripening_maturity,269,26.7,76.8,10.9,17.4,0.49
northwest,sorghum,sowing,91,-4.8,73.8,8.4,12.7,0.12
northwest,sorghum,sowing,97,-3.9,68.4,8.4,11.0,0.15
northwest,sorghum,sowing,94,-4.3,65.0,3.5,13.6,0.14
northwest,sorghum,sowing,113,-1.3,71.1,1.8,13.3,0.12
northwest,sorghum,sowing,117,-1.1,71.1,5.0,14.0,0.09
northwest,sorghum,sowing,102,-3.3,57.7,11.8,11.2,0.12
northwest,sorghum,sowing,118,-0.8,76.3,6.5,10.9,0.17
northwest,sorghum,emergence,110,-2.1,61.8,5.6,13.1,0.13
northwest,sorghum,emergence,121,-0.0,52.7,14.4,10.4,0.11
northwest,sorghum,emergence,135,1.0,56.0,7.3,15.5,0.12
northwest,sorghum,emergence,126,0.8,72.5,6.2,13.2,0.18
northwest,sorghum,emergence,139,3.9,71.8,13.7,14.6,0.15
northwest,sorghum,emergence,127,0.3,72.2,14.5,11.0,0.18
northwest,sorghum,tillering,161,5.2,82.6,4.8,14.6,0.22
northwest,sorghum,tillering,139,1.5,59.9,13.1,16.0,0.19
northwest,sorghum,tillering,156,6.9,74.2,11.6,14.0,0.17
northwest,sorghum,tillering,134,2.1,62.8,2.9,15.3,0.12
northwest,sorghum,tillering,162,6.0,79.9,13.6,14.9,0.19
northwest,sorghum,tillering,133,2.1,75.2,14.2,13.2,0.21
northwest,sorghum,tillering,142,4.0,65.8,13.1,13.5,0.16
northwest,sorghum,tillering,154,4.5,72.3,10.4,15.4,0.13
northwest,sorghum,heading_flowering,218,14.9,63.9,8.1,18.9,0.17
northwest,sorghum,heading_flowering,224,13.8,76.3,16.3,18.5,0.31
northwest,sorghum,heading_flowering,197,12.0,70.0,1.0,17.8,0.26
northwest,sorghum,heading_flowering,223,16.2,64.4,10.4,21.0,0.31
northwest,sorghum,heading_flowering,235,19.6,86.3,0.9,16.5,0.23
northwest,sorghum,heading_flowering,236,14.8,86.3,14.6,16.0,0.21
northwest,sorghum,heading_flowering,202,11.8,58.9,9.9,16.9,0.24
northwest,sorghum,heading_flowering,216,17.7,72.6,12.3,17.6,0.37
northwest,sorghum,ripening_maturity,221,14.1,69.3,3.0,17.6,0.35
northwest,sorghum,ripening_maturity,229,19.1,62.9,6.7,25.8,0.21
northwest,sorghum,ripening_maturity,275,28.7,74.2,20.0,20.1,0.24
northwest,sorghum,ripening_maturity,261,18.5,59.1,15.3,22.0,0.33
northwest,sorghum,ripening_maturity,245,17.1,76.5,9.6,22.7,0.42
northwest,sorghum,ripening_maturity,235,18.3,65.3,7.0,25.2,0.61
northwest,sorghum,ripening_maturity,258,23.0,61.7,14.9,23.2,0.33
northwest,sorghum,ripening_maturity,266,20.3,85.3,11.7,19.5,0.41
northwest,peas,sowing,118,-1.2,55.7,4.3,11.1,0.29
northwest,peas,sowing,99,-3.6,72.0,9.2,11.9,0.16
northwest,peas,sowing,108,-2.1,61.1,12.4,12.1,0.19
northwest,peas,sowing,94,-4.3,56.0,4.5,8.5,0.21
northwest,peas,sowing,93,-4.5,75.1,8.7,7.7,0.29
northwest,peas,sowing,97,-3.8,69.9,7.1,9.4,0.21
northwest,peas,sowing,95,-4.3,61.6,5.0,12.1,0.24
northwest,peas,emergence,134,1.2,64.6,6.8,14.4,0.13
northwest,peas,emergence,125,0.8,75.7,13.8,10.1,0.22
northwest,peas,emergence,117,-1.4,73.5,11.1,9.6,0.29
northwest,peas,emergence,129,1.4,54.7,11.5,9.9,0.33
northwest,peas,emergence,115,-1.5,53.2,2.1,9.2,0.21
northwest,peas,emergence,118,-1.2,79.6,8.2,9.3,0.22
northwest,peas,emergence,132,2.6,78.4,2.9,13.0,0.27
northwest,peas,tillering,166,6.6,69.0,7.3,14.8,0.28
northwest,peas,tillering,159,7.3,79.7,13.8,14.8,0.2
northwest,peas,tillering,138,2.1,53.2,2.8,10.4,0.36
northwest,peas,tillering,147,4.4,77.7,2.6,14.2,0.36
northwest,peas,tillering,143,2.4,79.7,13.3,10.6,0.36
northwest,peas,tillering,135,1.3,63.4,1.5,10.3,0.16
northwest,peas,tillering,133,0.8,75.6,2.3,11.8,0.36
northwest,peas,tillering,149,4.1,56.3,10.7,11.4,0.28
northwest,peas,heading_flowering,212,12.0,58.3,16.1,16.2,0.28
northwest,peas,heading_flowering,200,13.8,74.4,6.2,16.2,0.34
northwest,peas,heading_flowering,210,11.6,65.4,2.5,18.7,0.28
northwest,peas,heading_flowering,193,12.0,62.3,4.9,15.2,0.34
northwest,peas,heading_flowering,225,16.5,69.9,3.2,21.5,0.47
northwest,peas,heading_flowering,224,15.2,69.5,17.7,19.8,0.63
northwest,peas,heading_flowering,191,9.0,67.9,15.2,16.3,0.3
northwest,peas,heading_flowering,228,17.7,67.0,18.1,20.7,0.35
northwest,peas,ripening_maturity,256,25.2,73.4,3.0,19.2,0.72
northwest,peas,ripening_maturity,271,21.3,64.0,3.5,24.6,0.37
northwest,peas,ripening_maturity,237,18.0,69.0,9.0,19.1,0.64
northwest,peas,ripening_maturity,267,20.7,84.5,1.4,20.0,0.96
northwest,peas,ripening_maturity,230,17.1,69.0,10.0,17.0,0.69
northwest,peas,ripening_maturity,242,19.1,62.5,16.7,20.3,0.59
northwest,peas,ripening_maturity,232,14.0,79.9,14.6,17.6,0.3
northwest,chickpeas,sowing,106,-2.1,73.0,5.1,7.9,0.19
northwest,chickpeas,sowing,104,-2.5,74.3,5.1,8.0,0.24
northwest,chickpeas,sowing,111,-1.4,59.1,0.8,7.5,0.33
northwest,chickpeas,sowing,93,-4.5,73.4,8.4,7.8,0.12
northwest,chickpeas,sowing,120,-0.2,70.1,2.7,7.8,0.14
northwest,chickpeas,sowing,107,-2.6,62.1,6.2,8.7,0.25
northwest,chickpeas,emergence,131,1.0,80.0,10.4,8.9,0.12
northwest,chickpeas,emergence,130,0.9,76.6,13.1,10.5,0.32
northwest,chickpeas,emergence,127,1.1,58.6,14.6,10.8,0.24
northwest,chickpeas,emergence,132,2.0,57.5,8.5,11.9,0.32
northwest,chickpeas,emergence,138,3.2,55.8,10.9,8.5,0.33
northwest,chickpeas,emergence,124,0.4,77.0,10.9,9.1,0.25
northwest,chickpeas,emergence,133,2.0,55.4,2.7,8.2,0.24
northwest,chickpeas,emergence,134,2.6,57.1,7.4,8.2,0.17
northwest,chickpeas,tillering,134,2.8,60.7,3.4,12.2,0.26
northwest,chickpeas,tillering,154,5.3,75.4,10.5,9.4,0.19
northwest,chickpeas,tillering,142,3.3,68.5,13.6,12.4,0.3
northwest,chickpeas,tillering,143,2.5,81.5,6.2,8.5,0.15
northwest,chickpeas,tillering,135,3.0,82.3,6.0,9.0,0.27
northwest,chickpeas,tillering,153,4.0,57.5,11.2,8.5,0.15
northwest,chickpeas,tillering,139,3.0,63.2,12.6,9.2,0.24
northwest,chickpeas,tillering,133,1.8,74.0,2.0,8.7,0.27
northwest,chickpeas,heading_flowering,213,15.6,80.6,5.9,15.0,0.45
northwest,chickpeas,heading_flowering,235,15.2,78.5,16.6,16.0,0.32
northwest,chickpeas,heading_flowering,225,16.4,70.3,3.6,14.1,0.42
northwest,chickpeas,heading_flowering,207,12.7,58.0,16.3,15.1,0.56
northwest,chickpeas,heading_flowering,234,15.3,76.7,11.2,12.0,0.53
northwest,chickpeas,heading_flowering,236,20.7,69.2,12.9,17.4,0.46
northwest,chickpeas,heading_flowering,199,11.3,56.5,1.0,14.7,0.35
northwest,chickpeas,heading_flowering,206,15.9,79.6,1.6,15.4,0.33
northwest,chickpeas,ripening_maturity,224,18.6,62.6,17.2,16.1,0.44
northwest,chickpeas,ripening_maturity,225,17.2,58.6,19.4,17.7,0.58
northwest,chickpeas,ripening_maturity,255,23.4,63.5,14.4,14.7,0.56
northwest,chickpeas,ripening_maturity,243,18.9,58.5,6.7,12.9,0.24
northwest,chickpeas,ripening_maturity,226,14.7,84.3,5.7,11.3,0.57
northwest,chickpeas,ripening_maturity,261,25.1,67.0,4.1,18.9,0.37
northwest,chickpeas,ripening_maturity,237,21.4,61.9,12.0,16.6,0.38
northwest,chickpeas,ripening_maturity,234,14.1,77.5,21.2,13.6,0.65
northwest,sunflower,sowing,99,-3.4,74.1,8.4,8.9,0.3
northwest,sunflower,sowing,94,-4.3,56.2,7.4,8.5,0.29
northwest,sunflower,sowing,101,-3.4,54.0,2.4,7.8,0.15
northwest,sunflower,sowing,96,-4.0,66.7,12.7,8.4,0.18
northwest,sunflower,sowing,100,-3.6,71.8,7.4,7.6,0.19
northwest,sunflower,sowing,90,-5.0,54.2,8.5,7.3,0.12
northwest,sunflower,sowing,105,-2.7,70.3,7.6,7.9,0.2
northwest,sunflower,sowing,117,-0.9,80.8,11.4,9.1,0.17
northwest,sunflower,emergence,130,1.7,57.0,4.2,12.9,0.21
northwest,sunflower,emergence,110,-2.0,75.0,5.5,9.2,0.18
northwest,sunflower,emergence,120,0.2,80.5,3.3,9.6,0.16
northwest,sunflower,emergence,137,3.1,60.8,5.2,12.6,0.14
northwest,sunflower,emergence,123,0.3,56.5,10.4,11.6,0.16
northwest,sunflower,emergence,112,-1.7,78.1,2.8,9.2,0.22
northwest,sunflower,tillering,137,3.4,72.1,2.8,11.4,0.22
northwest,sunflower,tillering,148,5.3,77.2,8.5,13.9,0.18
northwest,sunflower,tillering,156,6.1,56.3,1.0,14.1,0.14
northwest,sunflower,tillering,134,3.0,62.4,4.9,14.1,0.12
northwest,sunflower,tillering,140,4.0,72.2,5.3,10.7,0.26
northwest,sunflower,tillering,141,2.6,57.9,11.4,12.9,0.12
northwest,sunflower,tillering,150,4.2,80.3,12.3,9.6,0.22
northwest,sunflower,heading_flowering,212,15.0,67.0,17.4,16.7,0.59
northwest,sunflower,heading_flowering,224,12.9,79.2,2.7,13.0,0.2
northwest,sunflower,heading_flowering,236,15.6,83.4,5.4,16.1,0.31
northwest,sunflower,heading_flowering,192,12.1,70.7,6.2,13.4,0.21
northwest,sunflower,heading_flowering,204,11.6,83.2,13.6,13.3,0.24
northwest,sunflower,heading_flowering,235,17.6,83.6,12.3,14.1,0.59
northwest,sunflower,heading_flowering,203,12.7,56.5,8.7,12.1,0.59
northwest,sunflower,ripening_maturity,241,21.7,66.7,20.5,21.5,0.78
northwest,sunflower,ripening_maturity,239,22.3,76.5,12.7,18.5,0.83
northwest,sunflower,ripening_maturity,238,21.3,61.2,15.8,19.3,0.24
northwest,sunflower,ripening_maturity,249,16.3,75.4,6.9,17.9,0.23
northwest,sunflower,ripening_maturity,260,20.3,69.2,23.4,19.4,0.62
northwest,sunflower,ripening_maturity,268,21.1,72.2,6.8,20.3,0.64
northwest,sunflower,ripening_maturity,240,15.2,82.8,13.6,12.0,0.24
northwest,sugar_beet,sowing,118,-1.3,77.5,1.4,193.4,0.09
northwest,sugar_beet,sowing,112,-1.6,60.7,6.3,196.2,0.19
northwest,sugar_beet,sowing,115,-1.5,56.4,13.4,165.8,0.23
northwest,sugar_beet,sowing,108,-2.4,66.3,1.9,168.7,0.17
northwest,sugar_beet,sowing,111,-1.9,59.3,6.8,205.6,0.13
northwest,sugar_beet,sowing,95,-4.3,57.9,5.0,152.4,0.1
northwest,sugar_beet,sowing,97,-4.0,64.5,6.1,165.4,0.2
northwest,sugar_beet,sowing,103,-2.9,59.1,3.2,166.4,0.09
northwest,sugar_beet,emergence,123,-0.6,76.7,12.5,154.8,0.17
northwest,sugar_beet,emergence,130,1.5,67.5,4.8,236.1,0.16
northwest,sugar_beet,emergence,114,-1.5,75.8,7.7,190.6,0.19
northwest,sugar_beet,emergence,116,-0.9,72.4,14.1,149.8,0.14
northwest,sugar_beet,emergence,110,-2.0,72.9,12.2,179.1,0.13
northwest,sugar_beet,emergence,138,2.1,77.2,15.0,208.8,0.09
northwest,sugar_beet,emergence,136,1.1,73.9,13.0,151.5,0.24
northwest,sugar_beet,emergence,127,0.1,63.5,7.1,183.6,0.11
northwest,sugar_beet,tillering,157,5.8,80.5,7.1,185.6,0.22
northwest,sugar_beet,tillering,147,2.9,56.5,2.9,171.9,0.2
northwest,sugar_beet,tillering,131,1.5,77.0,15.1,205.0,0.21
northwest,sugar_beet,tillering,141,2.5,67.3,9.4,170.5,0.11
northwest,sugar_beet,tillering,160,5.9,78.2,1.6,196.7,0.24
northwest,sugar_beet,tillering,165,7.5,62.2,5.7,269.5,0.17
northwest,sugar_beet,tillering,163,6.1,67.3,10.2,257.4,0.1
northwest,sugar_beet,ripening_maturity,230,17.7,68.5,13.2,334.1,0.42
northwest,sugar_beet,ripening_maturity,258,21.6,63.8,15.4,280.6,0.44
northwest,sugar_beet,ripening_maturity,266,19.6,60.0,15.7,333.9,0.29
northwest,sugar_beet,ripening_maturity,250,22.7,76.3,2.8,348.6,0.72
northwest,sugar_beet,ripening_maturity,267,20.3,89.0,11.2,276.3,0.45
northwest,sugar_beet,ripening_maturity,224,14.2,86.4,11.6,198.4,0.21
northwest,sugar_beet,ripening_maturity,265,18.3,70.9,4.3,246.8,0.66
northwest,sugar_beet,ripening_maturity,234,17.6,61.5,18.4,292.1,0.31
northwest,soybeans,sowing,104,-3.0,51.7,13.0,8.7,0.31
northwest,soybeans,sowing,98,-3.7,66.7,10.0,9.7,0.2
northwest,soybeans,sowing,99,-3.4,71.7,2.7,8.3,0.25
northwest,soybeans,sowing,110,-1.4,67.8,5.1,9.6,0.13
northwest,soybeans,sowing,92,-4.7,74.6,3.0,8.4,0.26
northwest,soybeans,sowing,107,-2.2,68.0,8.6,7.9,0.19
northwest,soybeans,sowing,117,-0.2,72.7,13.0,7.9,0.23
northwest,soybeans,emergence,111,-1.4,67.1,12.1,8.0,0.27
northwest,soybeans,emergence,137,1.3,72.9,7.5,7.9,0.31
northwest,soybeans,emergence,128,0.9,81.4,7.5,10.0,0.23
northwest,soybeans,emergence,135,2.1,68.0,8.9,10.3,0.23
northwest,soybeans,emergence,134,1.6,74.1,13.8,9.5,0.2
northwest,soybeans,emergence,124,0.8,69.0,14.1,8.8,0.13
northwest,soybeans,emergence,129,0.1,71.3,4.8,8.5,0.17
northwest,soybeans,emergence,112,-1.6,66.5,8.9,11.0,0.11
northwest,soybeans,tillering,161,7.8,54.7,15.0,11.7,0.24
northwest,soybeans,tillering,150,4.0,77.3,4.9,8.9,0.31
northwest,soybeans,tillering,164,8.6,74.2,14.5,11.0,0.11
northwest,soybeans,tillering,130,1.0,71.1,1.5,7.9,0.3
northwest,soybeans,tillering,138,3.3,77.9,9.8,8.2,0.21
northwest,soybeans,tillering,143,3.1,65.0,1.5,10.5,0.13
northwest,soybeans,tillering,142,4.4,54.9,15.2,10.6,0.17
northwest,soybeans,tillering,169,5.9,79.4,4.7,10.4,0.14
northwest,soybeans,heading_flowering,215,14.1,65.4,5.2,13.8,0.55
northwest,soybeans,heading_flowering,203,10.8,63.9,0.9,14.3,0.56
northwest,soybeans,heading_flowering,206,14.2,85.5,12.3,11.4,0.48
northwest,soybeans,heading_flowering,209,14.9,63.5,14.7,17.2,0.55
northwest,soybeans,heading_flowering,211,14.5,60.0,18.8,15.8,0.38
northwest,soybeans,heading_flowering,220,14.1,60.9,13.4,11.9,0.52
northwest,soybeans,heading_flowering,204,10.6,61.7,15.8,14.6,0.46
northwest,soybeans,ripening_maturity,236,14.7,82.9,0.6,11.3,0.52
northwest,soybeans,ripening_maturity,248,23.5,83.1,3.4,14.7,1.0
northwest,soybeans,ripening_maturity,223,18.0,83.8,9.5,15.7,0.37
northwest,soybeans,ripening_maturity,231,18.6,60.9,1.4,16.5,0.6
northwest,soybeans,ripening_maturity,244,21.0,58.2,4.2,17.8,0.49
northwest,soybeans,ripening_maturity,252,18.7,62.4,15.8,19.3,0.32
northwest,soybeans,ripening_maturity,239,20.7,77.2,1.6,14.5,1.0
northwest,soybeans,ripening_maturity,247,22.8,72.5,3.0,17.3,0.8
northwest,flax,sowing,98,-3.9,73.4,5.7,6.0,0.22
northwest,flax,sowing,105,-2.7,76.9,10.0,5.7,0.21
northwest,flax,sowing,112,-1.4,60.0,2.3,6.4,0.2
northwest,flax,sowing,117,-0.1,53.0,9.9,5.8,0.18
northwest,flax,sowing,110,-2.1,62.1,1.3,5.1,0.17
northwest,flax,sowing,101,-3.5,71.2,3.6,6.4,0.22
northwest,flax,sowing,106,-2.8,63.3,6.9,5.7,0.17
northwest,flax,sowing,111,-1.9,72.9,12.2,4.7,0.15
northwest,flax,emergence,110,-2.0,74.3,10.8,5.7,0.24
northwest,flax,emergence,136,2.4,54.7,6.2,6.2,0.11
northwest,flax,emergence,116,-1.6,60.2,11.1,6.1,0.14
northwest,flax,emergence,139,2.9,69.6,10.6,7.2,0.23
northwest,flax,emergence,128,0.0,79.0,11.9,6.4,0.16
northwest,flax,emergence,131,0.7,79.1,10.9,7.0,0.18
northwest,flax,emergence,122,0.5,65.9,1.3,8.0,0.24
northwest,flax,emergence,114,-1.2,70.8,9.3,6.2,0.21
northwest,flax,tillering,146,3.0,58.8,2.7,7.3,0.21
northwest,flax,tillering,148,3.1,77.4,10.6,6.2,0.19
northwest,flax,tillering,130,1.0,79.6,4.8,5.9,0.23
northwest,flax,tillering,170,8.4,74.9,16.6,7.9,0.12
northwest,flax,tillering,134,2.2,80.2,11.8,6.3,0.11
northwest,flax,tillering,160,4.4,58.7,7.9,6.4,0.09
northwest,flax,tillering,162,5.0,83.6,9.3,6.2,0.19
northwest,flax,heading_flowering,230,14.9,85.9,21.6,8.8,0.49
northwest,flax,heading_flowering,201,11.1,69.0,12.0,7.5,0.37
northwest,flax,heading_flowering,215,11.5,81.5,15.3,7.5,0.4
northwest,flax,heading_flowering,232,17.6,86.8,16.7,7.4,0.32
northwest,flax,heading_flowering,221,14.4,63.9,9.9,11.2,0.48
northwest,flax,heading_flowering,239,20.7,72.8,0.8,8.7,0.42
northwest,flax,heading_flowering,217,13.2,75.7,5.0,8.2,0.44
northwest,flax,heading_flowering,197,13.6,63.2,5.2,9.4,0.46
northwest,flax,ripening_maturity,264,19.0,67.8,9.8,12.8,0.74
northwest,flax,ripening_maturity,251,20.5,72.9,14.9,9.0,0.26
northwest,flax,ripening_maturity,254,24.8,75.9,8.6,11.3,0.5
northwest,flax,ripening_maturity,239,15.4,73.0,5.3,7.8,0.18
northwest,flax,ripening_maturity,236,15.3,78.1,5.4,8.8,0.4
northwest,flax,ripening_maturity,275,25.0,75.2,18.8,9.2,0.56
northwest,flax,ripening_maturity,266,26.5,84.6,10.0,9.7,0.87
northwest,mustard,sowing,96,-4.2,69.4,5.0,4.2,0.19
northwest,mustard,sowing,90,-5.0,74.3,10.5,3.9,0.17
northwest,mustard,sowing,113,-1.5,76.0,7.5,4.6,0.08
northwest,mustard,sowing,109,-2.1,52.1,2.2,5.0,0.07
northwest,mustard,sowing,114,-1.8,62.1,10.3,4.5,0.1
northwest,mustard,sowing,110,-2.0,58.0,0.5,5.3,0.21
northwest,mustard,sowing,95,-4.1,69.5,5.6,5.0,0.16
northwest,mustard,emergence,139,2.3,74.0,12.9,4.8,0.12
northwest,mustard,emergence,136,3.5,64.6,3.8,6.9,0.15
northwest,mustard,emergence,117,-0.5,53.8,8.0,5.3,0.09
northwest,mustard,emergence,140,2.9,60.7,10.1,5.9,0.12
northwest,mustard,emergence,125,0.2,73.3,11.4,4.3,0.14
northwest,mustard,emergence,134,1.2,81.5,7.2,4.2,0.1
northwest,mustard,emergence,116,-0.9,79.0,10.0,5.1,0.19
northwest,mustard,emergence,126,-0.2,53.5,2.5,4.4,0.16
northwest,mustard,tillering,146,3.5,57.8,12.8,6.4,0.12
northwest,mustard,tillering,133,1.9,67.3,11.0,5.9,0.15
northwest,mustard,tillering,130,0.9,66.6,2.2,6.7,0.17
northwest,mustard,tillering,148,3.8,57.0,14.2,5.0,0.11
northwest,mustard,tillering,152,4.2,77.8,8.6,4.7,0.11
northwest,mustard,tillering,132,2.4,81.7,9.8,4.6,0.09
northwest,mustard,heading_flowering,222,15.4,83.3,13.0,6.4,0.24
northwest,mustard,heading_flowering,239,18.0,78.4,7.7,6.6,0.24
northwest,mustard,heading_flowering,193,13.9,79.0,14.3,6.1,0.36
northwest,mustard,heading_flowering,218,12.5,65.1,6.1,7.9,0.41
northwest,mustard,heading_flowering,215,14.4,85.9,2.6,6.8,0.41
northwest,mustard,heading_flowering,230,18.9,78.5,9.5,7.6,0.38
northwest,mustard,heading_flowering,192,9.5,69.9,5.5,6.5,0.16
northwest,mustard,ripening_maturity,241,16.0,75.8,4.3,9.2,0.16
northwest,mustard,ripening_maturity,260,18.2,76.9,15.0,8.6,0.32
northwest,mustard,ripening_maturity,253,22.5,69.8,13.3,9.2,0.49
northwest,mustard,ripening_maturity,225,15.0,65.2,13.0,9.8,0.41
northwest,mustard,ripening_maturity,245,19.1,76.5,5.2,9.8,0.21
northwest,mustard,ripening_maturity,275,25.1,80.8,16.9,7.6,0.29
northwest,mustard,ripening_maturity,223,19.1,73.3,20.0,7.7,0.51
northwest,mustard,ripening_maturity,265,19.8,79.4,23.5,6.9,0.21
northwest,potatoes,sowing,111,-1.9,77.8,1.6,127.8,0.37
northwest,potatoes,sowing,93,-4.5,71.9,0.6,113.3,0.31
northwest,potatoes,sowing,114,-1.0,72.3,3.3,132.9,0.36
northwest,potatoes,sowing,104,-2.6,51.1,3.7,96.9,0.21
northwest,potatoes,sowing,105,-3.0,79.3,11.4,120.2,0.36
northwest,potatoes,sowing,116,-0.9,53.4,5.6,139.9,0.3
northwest,potatoes,emergence,134,1.6,78.3,14.1,146.8,0.15
northwest,potatoes,emergence,136,2.2,71.3,4.2,153.1,0.26
northwest,potatoes,emergence,120,-0.1,57.6,8.7,124.4,0.27
northwest,potatoes,emergence,133,2.8,55.4,11.8,134.2,0.32
northwest,potatoes,emergence,110,-1.4,54.4,7.4,132.5,0.4
northwest,potatoes,emergence,127,1.6,76.4,10.4,110.7,0.22
northwest,potatoes,emergence,113,-0.9,64.5,8.0,121.6,0.34
northwest,potatoes,tillering,153,5.9,62.5,15.3,195.2,0.23
northwest,potatoes,tillering,168,6.1,79.9,12.1,164.7,0.37
northwest,potatoes,tillering,132,1.4,52.6,4.9,126.7,0.25
northwest,potatoes,tillering,131,1.5,75.8,4.9,133.7,0.23
northwest,potatoes,tillering,161,7.7,61.0,6.4,144.3,0.2
northwest,potatoes,tillering,138,1.9,61.9,3.0,130.0,0.21
northwest,potatoes,heading_flowering,204,14.5,73.2,19.7,188.4,0.69
northwest,potatoes,heading_flowering,222,16.1,77.8,15.0,167.0,0.55
northwest,potatoes,heading_flowering,240,19.1,75.2,1.0,249.1,0.99
northwest,potatoes,heading_flowering,218,14.8,86.1,11.0,142.8,0.7
northwest,potatoes,heading_flowering,192,9.5,70.6,8.3,142.9,0.36
northwest,potatoes,heading_flowering,214,15.7,68.8,18.4,186.8,0.67
northwest,potatoes,heading_flowering,205,11.4,59.9,6.1,189.3,0.56
northwest,potatoes,ripening_maturity,238,21.1,84.3,10.6,164.5,0.98
northwest,potatoes,ripening_maturity,259,17.4,67.3,5.3,181.1,0.54
northwest,potatoes,ripening_maturity,266,23.2,88.3,2.1,198.3,0.63
northwest,potatoes,ripening_maturity,222,13.9,67.5,8.2,169.0,0.48
northwest,potatoes,ripening_maturity,278,23.4,61.3,9.0,274.2,0.48
northwest,potatoes,ripening_maturity,221,16.8,71.4,0.6,235.2,0.7
northwest,potatoes,ripening_maturity,234,14.3,75.0,9.6,194.0,0.56
northwest,tomatoes,sowing,119,0.0,67.1,2.5,234.3,0.34
northwest,tomatoes,sowing,118,-0.7,71.3,5.3,195.7,0.2
northwest,tomatoes,sowing,105,-2.4,68.7,9.0,227.9,0.32
northwest,tomatoes,sowing,111,-1.4,60.3,6.1,220.1,0.27
northwest,tomatoes,sowing,97,-4.0,57.6,3.2,172.4,0.42
northwest,tomatoes,sowing,101,-3.1,67.3,7.9,166.1,0.28
northwest,tomatoes,sowing,112,-1.3,75.0,4.2,207.0,0.23
northwest,tomatoes,sowing,95,-4.1,57.0,7.0,198.8,0.29
northwest,tomatoes,emergence,113,-1.4,80.7,11.1,199.0,0.37
northwest,tomatoes,emergence,110,-1.9,52.0,4.0,147.8,0.41
northwest,tomatoes,emergence,123,0.9,61.5,13.3,267.4,0.4
northwest,tomatoes,emergence,111,-1.4,75.5,10.0,226.1,0.4
northwest,tomatoes,emergence,121,-0.4,74.1,11.8,229.5,0.45
northwest,tomatoes,emergence,112,-1.4,60.3,4.8,240.2,0.42
northwest,tomatoes,tillering,150,5.4,70.1,5.5,269.2,0.22
northwest,tomatoes,tillering,167,5.2,81.6,12.6,204.6,0.19
northwest,tomatoes,tillering,164,8.4,66.3,7.3,274.8,0.17
northwest,tomatoes,tillering,158,6.7,66.8,12.2,260.5,0.22
northwest,tomatoes,tillering,148,5.3,64.4,6.4,277.4,0.34
northwest,tomatoes,tillering,134,3.1,81.7,10.2,232.5,0.36
northwest,tomatoes,tillering,154,5.1,81.8,14.0,208.2,0.41
northwest,tomatoes,tillering,152,6.2,72.2,1.4,268.6,0.44
northwest,tomatoes,heading_flowering,199,12.5,78.2,16.0,271.5,0.42
northwest,tomatoes,heading_flowering,211,13.8,76.4,17.2,257.1,0.31
northwest,tomatoes,heading_flowering,237,14.5,62.9,10.3,326.9,0.71
northwest,tomatoes,heading_flowering,227,17.7,59.6,16.1,289.8,0.66
northwest,tomatoes,heading_flowering,209,10.9,69.0,2.2,311.5,0.83
northwest,tomatoes,heading_flowering,205,14.3,74.0,10.3,366.6,0.71
northwest,tomatoes,heading_flowering,216,16.5,65.2,16.8,426.0,0.32
northwest,tomatoes,ripening_maturity,261,23.7,77.1,14.9,399.5,1.0
northwest,tomatoes,ripening_maturity,265,21.1,61.2,23.4,425.8,0.81
northwest,tomatoes,ripening_maturity,249,18.5,74.9,18.2,323.9,0.6
northwest,tomatoes,ripening_maturity,278,24.4,68.0,3.0,320.2,0.58
northwest,tomatoes,ripening_maturity,222,19.2,61.9,2.9,294.0,0.39
northwest,tomatoes,ripening_maturity,230,15.8,66.3,5.4,294.6,0.45
northwest,tomatoes,ripening_maturity,268,21.7,68.4,23.6,333.4,1.0
northwest,tomatoes,ripening_maturity,237,17.0,83.7,3.9,243.8,0.59
northwest,onions,sowing,112,-1.3,69.7,2.6,151.4,0.24
northwest,onions,sowing,103,-3.1,50.8,2.7,147.4,0.18
northwest,onions,sowing,120,-0.6,76.3,1.3,141.1,0.18
northwest,onions,sowing,102,-3.2,67.0,13.2,155.4,0.13
northwest,onions,sowing,104,-2.8,75.9,13.3,155.7,0.17
northwest,onions,sowing,116,-0.9,65.5,9.5,165.6,0.23
northwest,onions,sowing,117,-0.9,77.2,6.1,133.0,0.18
northwest,onions,sowing,114,-1.2,78.4,12.6,157.0,0.19
northwest,onions,emergence,134,2.5,60.7,2.5,200.0,0.13
northwest,onions,emergence,112,-1.9,56.6,11.6,131.1,0.27
northwest,onions,emergence,117,-0.7,62.6,11.3,144.1,0.27
northwest,onions,emergence,136,1.9,74.3,9.1,152.1,0.28
northwest,onions,emergence,140,2.2,59.2,13.9,153.6,0.15
northwest,onions,emergence,122,0.3,69.7,1.3,153.8,0.14
northwest,onions,emergence,113,-1.4,61.7,1.8,153.5,0.27
northwest,onions,tillering,152,4.1,59.5,4.3,211.7,0.18
northwest,onions,tillering,157,6.5,58.2,8.5,187.5,0.21
northwest,onions,tillering,168,9.1,65.4,12.6,219.6,0.22
northwest,onions,tillering,159,4.8,63.8,8.9,203.4,0.27
northwest,onions,tillering,139,3.4,56.3,10.0,156.8,0.26
northwest,onions,tillering,138,3.4,57.3,0.9,170.3,0.14
northwest,onions,tillering,144,3.4,76.0,14.7,146.8,0.27
northwest,onions,tillering,141,2.7,76.7,6.5,179.0,0.12
northwest,onions,ripening_maturity,236,15.8,74.4,19.0,270.0,0.54
northwest,onions,ripening_maturity,241,15.4,58.5,18.6,245.9,0.48
northwest,onions,ripening_maturity,254,20.2,67.4,8.1,259.0,0.31
northwest,onions,ripening_maturity,258,19.5,77.2,16.1,232.0,0.77
northwest,onions,ripening_maturity,274,25.0,74.9,8.9,296.0,0.48
northwest,onions,ripening_maturity,232,13.8,79.0,15.6,226.3,0.57
northwest,onions,ripening_maturity,277,22.3,64.1,8.1,336.8,0.22
northwest,onions,ripening_maturity,267,26.1,87.4,4.9,202.8,1.0
northwest,apples,sowing,101,-3.5,57.8,9.5,82.7,0.21
northwest,apples,sowing,102,-3.1,65.7,3.7,97.8,0.29
northwest,apples,sowing,116,-1.5,51.6,3.4,97.8,0.23
northwest,apples,sowing,91,-4.8,60.8,9.6,81.6,0.2
northwest,apples,sowing,105,-2.8,56.5,2.9,86.4,0.23
northwest,apples,sowing,106,-2.2,56.0,6.8,79.5,0.3
northwest,apples,sowing,115,-1.3,69.2,6.4,88.6,0.15
northwest,apples,tillering,134,1.6,53.7,3.7,84.7,0.27
northwest,apples,tillering,150,5.5,70.2,11.0,147.3,0.22
northwest,apples,tillering,166,5.5,83.4,4.1,90.4,0.27
northwest,apples,tillering,130,1.7,70.6,13.1,99.7,0.34
northwest,apples,tillering,142,3.4,61.6,15.0,136.8,0.37
northwest,apples,tillering,138,1.4,76.0,4.1,89.8,0.15
northwest,apples,tillering,154,5.8,67.1,4.2,138.4,0.19
northwest,apples,heading_flowering,231,16.2,82.1,18.0,145.2,0.43
northwest,apples,heading_flowering,197,10.0,57.2,11.1,120.9,0.67
northwest,apples,heading_flowering,237,18.1,83.0,5.3,144.0,0.98
northwest,apples,heading_flowering,216,16.8,64.9,4.6,144.4,0.59
northwest,apples,heading_flowering,238,17.8,75.8,20.9,151.1,0.37
northwest,apples,heading_flowering,239,22.2,74.7,16.1,148.8,0.69
northwest,apples,heading_flowering,204,13.7,84.2,13.4,112.0,0.43
northwest,apples,heading_flowering,225,17.6,85.3,1.5,134.9,0.47
northwest,apples,ripening_maturity,233,15.9,64.0,6.7,177.8,0.26
northwest,apples,ripening_maturity,235,14.4,70.2,4.1,185.2,0.53
northwest,apples,ripening_maturity,273,22.1,88.7,6.8,140.9,1.0
northwest,apples,ripening_maturity,226,19.6,84.7,13.8,160.8,0.68
northwest,apples,ripening_maturity,229,15.6,58.6,17.0,156.6,0.47
northwest,apples,ripening_maturity,264,23.9,59.4,22.6,162.5,0.3
northwest,apples,ripening_maturity,248,23.4,65.9,19.4,191.4,0.76
northwest,plums,sowing,94,-4.3,56.7,11.3,66.7,0.3
northwest,plums,sowing,100,-3.2,79.5,5.5,69.4,0.19
northwest,plums,sowing,111,-1.3,64.3,2.3,75.8,0.25
northwest,plums,sowing,102,-2.8,51.4,8.2,69.5,0.27
northwest,plums,sowing,106,-2.6,56.8,1.4,80.8,0.21
northwest,plums,sowing,109,-2.0,63.5,2.6,66.7,0.21
northwest,plums,sowing,114,-1.0,69.3,2.7,69.3,0.12
northwest,plums,tillering,150,5.9,62.3,4.7,90.2,0.17
northwest,plums,tillering,147,2.7,54.2,9.5,78.6,0.12
northwest,plums,tillering,155,6.8,76.9,5.6,82.7,0.27
northwest,plums,tillering,142,3.4,52.9,1.5,84.0,0.24
northwest,plums,tillering,137,3.4,63.7,8.8,76.3,0.21
northwest,plums,tillering,146,3.0,62.5,4.6,75.7,0.13
northwest,plums,tillering,165,6.6,64.1,15.2,85.7,0.16
northwest,plums,tillering,139,3.2,78.7,12.1,88.1,0.22
northwest,plums,heading_flowering,236,18.3,62.5,12.9,152.0,0.57
northwest,plums,heading_flowering,194,13.2,73.0,6.9,127.5,0.34
northwest,plums,heading_flowering,218,14.2,66.9,6.9,105.4,0.28
northwest,plums,heading_flowering,227,14.8,77.4,17.9,120.3,0.6
northwest,plums,heading_flowering,207,10.7,75.8,11.0,86.2,0.24
northwest,plums,heading_flowering,233,14.4,87.3,3.8,118.1,0.66
northwest,plums,heading_flowering,219,14.4,79.6,10.9,114.6,0.67
northwest,plums,ripening_maturity,251,21.4,70.8,10.2,130.1,0.72
northwest,plums,ripening_maturity,235,19.0,58.3,9.8,119.9,0.28
northwest,plums,ripening_maturity,240,20.9,58.4,18.4,111.8,0.63
northwest,plums,ripening_maturity,247,17.3,77.8,17.9,132.3,0.5
northwest,plums,ripening_maturity,223,13.2,60.8,20.8,126.6,0.61
northwest,plums,ripening_maturity,231,14.7,84.1,20.6,114.7,0.23
northwest,plums,ripening_maturity,273,23.2,67.9,19.0,126.6,0.8
northwest,plums,ripening_maturity,259,20.1,78.7,15.6,112.1,1.0
northwest,grapes,sowing,115,-0.9,63.7,2.2,52.1,0.27
northwest,grapes,sowing,114,-1.5,52.1,9.1,53.8,0.25
northwest,grapes,sowing,113,-1.4,70.2,11.4,58.0,0.31
northwest,grapes,sowing,94,-4.4,67.1,6.6,45.9,0.14
northwest,grapes,sowing,107,-2.6,74.9,11.8,47.3,0.32
northwest,grapes,sowing,102,-3.2,66.4,9.4,68.1,0.31
northwest,grapes,sowing,90,-5.0,68.4,7.5,48.1,0.3
northwest,grapes,tillering,145,2.9,72.7,10.4,71.0,0.12
northwest,grapes,tillering,135,2.5,79.4,13.0,53.3,0.15
northwest,grapes,tillering,144,2.4,77.8,14.8,67.4,0.14
northwest,grapes,tillering,152,5.5,76.7,2.4,56.8,0.29
northwest,grapes,tillering,146,4.0,57.4,1.9,79.9,0.33
northwest,grapes,tillering,149,4.5,68.5,1.9,76.7,0.21
northwest,grapes,tillering,134,1.7,59.5,1.9,62.4,0.14
northwest,grapes,tillering,140,3.8,81.9,6.7,53.0,0.14
northwest,grapes,heading_flowering,209,14.3,80.6,7.0,79.0,0.43
northwest,grapes,heading_flowering,218,17.6,74.5,14.7,93.7,0.59
northwest,grapes,heading_flowering,194,11.9,76.3,13.7,93.6,0.66
northwest,grapes,heading_flowering,208,15.1,74.8,4.2,75.6,0.38
northwest,grapes,heading_flowering,236,19.0,83.2,4.7,78.5,1.0
northwest,grapes,heading_flowering,237,15.2,75.3,12.3,83.1,0.55
northwest,grapes,heading_flowering,216,17.8,72.3,6.0,97.8,0.53
northwest,grapes,ripening_maturity,268,24.2,86.3,19.7,93.3,1.0
northwest,grapes,ripening_maturity,275,20.1,87.0,24.6,97.3,1.0
northwest,grapes,ripening_maturity,231,16.2,84.8,0.9,78.8,0.27
northwest,grapes,ripening_maturity,244,22.0,67.2,21.9,123.4,1.0
northwest,grapes,ripening_maturity,226,16.1,69.5,20.1,91.0,0.3
northwest,grapes,ripening_maturity,247,20.4,68.6,18.7,110.5,0.42
northwest,grapes,ripening_maturity,233,15.0,77.3,21.9,88.8,0.41
northwest,grapes,ripening_maturity,248,23.0,71.9,22.6,87.6,0.8
northeast,winter_wheat,sowing,110,-3.9,65.5,1.0,24.3,0.25
northeast,winter_wheat,sowing,111,-4.1,52.0,2.3,16.9,0.18
northeast,winter_wheat,sowing,107,-4.4,56.0,1.6,18.5,0.12
northeast,winter_wheat,sowing,106,-4.4,66.8,2.6,17.0,0.15
northeast,winter_wheat,sowing,118,-2.5,56.8,9.3,21.4,0.1
northeast,winter_wheat,sowing,116,-3.0,64.2,1.2,26.2,0.22
northeast,winter_wheat,sowing,96,-6.1,51.3,3.5,19.0,0.25
northeast,winter_wheat,tillering,165,6.0,57.3,13.1,24.0,0.24
northeast,winter_wheat,tillering,152,2.2,60.1,8.1,29.0,0.17
northeast,winter_wheat,tillering,159,2.2,78.1,1.4,26.6,0.14
northeast,winter_wheat,tillering,144,1.8,48.6,1.8,19.1,0.12
northeast,winter_wheat,tillering,147,1.6,54.5,5.9,19.5,0.23
northeast,winter_wheat,tillering,133,-0.9,55.2,6.3,18.2,0.13
northeast,winter_wheat,tillering,135,0.0,60.7,0.5,21.7,0.24
northeast,winter_wheat,booting,198,10.6,57.3,9.9,33.0,0.24
northeast,winter_wheat,booting,191,10.7,73.9,4.6,36.0,0.37
northeast,winter_wheat,booting,174,6.8,49.8,2.3,29.1,0.13
northeast,winter_wheat,booting,194,7.0,62.4,8.1,30.5,0.15
northeast,winter_wheat,booting,179,6.9,49.9,0.7,27.2,0.18
northeast,winter_wheat,booting,162,5.8,65.5,13.2,24.8,0.1
northeast,winter_wheat,booting,197,11.7,77.7,8.3,30.6,0.29
northeast,winter_wheat,booting,175,8.0,58.4,1.4,26.3,0.11
northeast,winter_wheat,heading_flowering,215,14.4,72.0,3.0,29.2,0.42
northeast,winter_wheat,heading_flowering,194,11.9,54.8,6.1,33.0,0.2
northeast,winter_wheat,heading_flowering,217,14.0,64.0,8.3,36.2,0.18
northeast,winter_wheat,heading_flowering,222,10.5,81.6,1.0,34.3,0.37
northeast,winter_wheat,heading_flowering,213,11.2,63.3,4.1,29.1,0.24
northeast,winter_wheat,heading_flowering,236,13.8,70.3,2.3,33.2,0.45
northeast,winter_wheat,heading_flowering,202,9.4,61.4,12.5,38.8,0.13
northeast,winter_wheat,heading_flowering,235,19.4,74.5,8.8,40.6,0.65
northeast,winter_wheat,ripening_maturity,241,14.3,76.9,6.2,36.6,0.32
northeast,winter_wheat,ripening_maturity,278,21.4,70.6,1.6,36.6,0.77
northeast,winter_wheat,ripening_maturity,254,15.8,66.1,10.4,37.5,0.36
northeast,winter_wheat,ripening_maturity,273,17.6,73.6,15.2,44.9,0.18
northeast,winter_wheat,ripening_maturity,274,26.4,81.1,17.9,41.2,0.5
northeast,winter_wheat,ripening_maturity,242,15.4,74.9,12.7,36.4,0.5
northeast,winter_wheat,ripening_maturity,237,12.9,77.6,4.7,31.8,0.19
northeast,spring_barley,sowing,116,-3.2,67.2,6.6,19.0,0.25
northeast,spring_barley,sowing,117,-2.7,55.1,0.4,15.9,0.16
northeast,spring_barley,sowing,95,-6.3,54.8,1.3,11.6,0.21
northeast,spring_barley,sowing,119,-2.2,54.8,5.9,13.8,0.22
northeast,spring_barley,sowing,105,-4.6,70.1,4.8,17.1,0.28
northeast,spring_barley,sowing,90,-7.0,49.9,2.1,13.9,0.18
northeast,spring_barley,emergence,134,0.1,65.0,5.4,20.6,0.12
northeast,spring_barley,emergence,116,-2.6,69.5,8.2,17.5,0.1
northeast,spring_barley,emergence,138,1.4,47.9,8.2,18.2,0.26
northeast,spring_barley,emergence,113,-3.7,56.2,6.4,16.8,0.23
northeast,spring_barley,emergence,124,-1.3,67.2,11.0,21.9,0.24
northeast,spring_barley,emergence,140,-0.1,66.8,4.2,15.8,0.13
northeast,spring_barley,emergence,120,-2.7,50.7,10.0,15.2,0.23
northeast,spring_barley,emergence,119,-1.8,47.7,6.1,16.3,0.29
northeast,spring_barley,tillering,168,7.3,68.5,13.2,22.0,0.26
northeast,spring_barley,tillering,160,4.8,77.7,5.6,17.1,0.23
northeast,spring_barley,tillering,140,1.3,70.0,3.2,18.7,0.15
northeast,spring_barley,tillering,145,2.6,72.7,10.3,18.4,0.25
northeast,spring_barley,tillering,143,0.5,76.5,5.0,16.5,0.11
northeast,spring_barley,tillering,169,6.8,51.6,8.6,21.0,0.21
northeast,spring_barley,tillering,142,2.2,71.3,3.7,23.1,0.12
northeast,spring_barley,heading_flowering,195,10.6,60.5,7.9,27.3,0.4
northeast,spring_barley,heading_flowering,240,15.2,54.8,3.4,21.8,0.38
northeast,spring_barley,heading_flowering,221,15.6,76.0,16.7,28.2,0.23
northeast,spring_barley,heading_flowering,193,9.9,69.6,4.9,29.0,0.29
northeast,spring_barley,heading_flowering,205,13.3,62.6,3.0,32.0,0.42
northeast,spring_barley,heading_flowering,239,15.8,70.2,5.7,28.8,0.52
northeast,spring_barley,heading_flowering,237,18.8,74.0,2.1,33.9,0.7
northeast,spring_barley,ripening_maturity,273,25.6,56.0,18.9,31.7,0.45
northeast,spring_barley,ripening_maturity,227,16.0,71.1,14.9,24.7,0.59
northeast,spring_barley,ripening_maturity,263,20.6,59.3,3.4,31.6,0.21
northeast,spring_barley,ripening_maturity,280,22.2,56.9,8.1,31.7,0.38
northeast,spring_barley,ripening_maturity,244,18.1,65.6,7.8,35.7,0.42
northeast,spring_barley,ripening_maturity,235,18.6,72.8,2.7,27.4,0.33
northeast,corn,sowing,109,-4.5,57.3,6.4,30.1,0.31
northeast,corn,sowing,91,-6.9,72.5,8.5,30.0,0.15
northeast,corn,sowing,95,-6.1,71.5,7.5,25.6,0.27
northeast,corn,sowing,93,-6.5,55.6,4.0,28.6,0.27
northeast,corn,sowing,98,-5.6,73.0,1.4,25.8,0.28
northeast,corn,sowing,113,-3.9,58.0,9.1,29.4,0.21
northeast,corn,sowing,96,-6.0,71.6,8.0,30.7,0.12
northeast,corn,emergence,111,-3.7,75.8,5.5,36.3,0.28
northeast,corn,emergence,131,0.1,73.8,5.0,41.1,0.17
northeast,corn,emergence,135,-0.3,47.6,5.2,28.6,0.3
northeast,corn,emergence,129,-0.2,47.1,3.9,28.6,0.17
northeast,corn,emergence,138,1.5,74.7,6.3,34.8,0.14
northeast,corn,emergence,140,0.5,68.9,12.6,35.5,0.26
northeast,corn,emergence,124,-1.1,50.5,7.6,27.4,0.13
northeast,corn,tillering,164,5.7,50.2,12.1,34.1,0.15
northeast,corn,tillering,130,-1.2,72.9,2.3,39.4,0.12
northeast,corn,tillering,145,0.6,73.0,6.6,29.7,0.29
northeast,corn,tillering,136,-0.5,55.9,3.8,33.3,0.2
northeast,corn,tillering,143,1.2,65.6,9.1,35.7,0.21
northeast,corn,tillering,141,1.8,69.9,8.3,34.2,0.24
northeast,corn,tillering,135,0.8,54.0,2.5,42.4,0.16
northeast,corn,tillering,144,2.8,58.4,0.8,35.1,0.2
northeast,corn,heading_flowering,194,7.5,73.4,1.9,54.3,0.2
northeast,corn,heading_flowering,203,10.7,74.0,10.1,51.9,0.43
northeast,corn,heading_flowering,230,18.2,79.0,11.0,62.5,0.38
northeast,corn,heading_flowering,190,9.1,70.4,14.2,51.5,0.3
northeast,corn,heading_flowering,219,15.5,63.3,2.5,52.6,0.33
northeast,corn,heading_flowering,231,15.7,80.4,10.3,52.3,0.57
northeast,corn,heading_flowering,217,11.1,65.8,13.4,47.4,0.27
northeast,corn,heading_flowering,196,9.3,56.6,6.6,39.6,0.24
northeast,corn,ripening_maturity,230,11.8,70.7,4.4,50.2,0.26
northeast,corn,ripening_maturity,279,19.1,64.2,18.5,56.6,0.66
northeast,corn,ripening_maturity,259,21.6,61.1,8.6,60.9,0.26
northeast,corn,ripening_maturity,236,13.7,57.7,16.2,50.4,0.39
northeast,corn,ripening_maturity,268,17.5,54.5,9.9,58.9,0.49
northeast,corn,ripening_maturity,263,16.2,61.8,9.0,53.4,0.56
northeast,corn,ripening_maturity,271,21.5,75.3,5.3,65.3,1.0
northeast,oats,sowing,92,-6.7,72.4,5.9,13.1,0.2
northeast,oats,sowing,120,-1.9,70.5,9.7,17.7,0.19
northeast,oats,sowing,111,-3.5,68.4,9.0,16.2,0.13
northeast,oats,sowing,106,-4.9,47.7,4.4,11.8,0.14
northeast,oats,sowing,95,-6.2,50.9,7.8,11.4,0.11
northeast,oats,sowing,96,-6.1,46.1,4.1,9.0,0.15
northeast,oats,sowing,115,-2.5,59.1,5.5,16.7,0.15
northeast,oats,sowing,102,-5.0,66.1,7.2,13.7,0.14
northeast,oats,tillering,169,3.6,78.5,3.7,17.5,0.2
northeast,oats,tillering,131,-1.3,69.0,7.4,16.8,0.19
northeast,oats,tillering,165,3.3,58.8,11.4,18.3,0.13
northeast,oats,tillering,136,1.1,52.9,5.5,13.3,0.18
northeast,oats,tillering,166,3.5,53.2,4.2,16.8,0.19
northeast,oats,tillering,140,1.4,75.5,9.4,14.6,0.11
northeast,oats,booting,169,7.3,65.0,3.9,17.4,0.18
northeast,oats,booting,193,8.6,68.9,15.0,23.0,0.21
northeast,oats,booting,176,7.6,55.0,5.0,19.1,0.08
northeast,oats,booting,171,5.7,65.1,5.0,20.4,0.1
northeast,oats,booting,179,5.9,72.9,5.8,18.8,0.2
northeast,oats,booting,180,8.7,53.8,1.3,22.6,0.13
northeast,oats,booting,168,4.6,71.2,0.8,18.2,0.13
northeast,oats,heading_flowering,195,10.2,57.6,7.7,20.6,0.17
northeast,oats,heading_flowering,221,16.1,55.3,4.5,27.0,0.26
northeast,oats,heading_flowering,231,15.8,56.0,0.9,19.6,0.4
northeast,oats,heading_flowering,218,14.7,68.2,15.8,22.3,0.18
northeast,oats,heading_flowering,226,11.2,65.6,10.0,24.0,0.25
northeast,oats,heading_flowering,213,13.2,78.0,4.0,20.7,0.45
northeast,oats,heading_flowering,191,11.4,76.3,9.3,22.7,0.24
northeast,oats,ripening_maturity,238,17.8,61.5,3.8,24.0,0.2
northeast,oats,ripening_maturity,249,14.5,62.9,4.3,25.1,0.18
northeast,oats,ripening_maturity,231,18.3,74.7,9.4,28.7,0.54
northeast,oats,ripening_maturity,256,18.3,79.3,6.7,19.4,0.56
northeast,oats,ripening_maturity,228,14.1,78.7,11.3,25.3,0.34
northeast,oats,ripening_maturity,272,20.0,79.9,9.5,26.2,0.41
northeast,oats,ripening_maturity,254,17.2,59.2,14.2,25.3,0.22
northeast,rye,sowing,115,-2.5,76.2,5.3,13.1,0.13
northeast,rye,sowing,96,-6.1,49.2,2.3,13.1,0.13
northeast,rye,sowing,105,-4.4,55.3,0.4,13.0,0.11
northeast,rye,sowing,90,-7.0,61.2,9.2,12.3,0.19
northeast,rye,sowing,94,-6.3,50.8,4.7,11.9,0.18
northeast,rye,sowing,100,-5.2,53.8,3.7,14.0,0.18
northeast,rye,sowing,108,-4.4,74.6,10.1,11.2,0.12
northeast,rye,tillering,152,2.4,72.3,5.9,20.7,0.1
northeast,rye,tillering,164,4.9,68.5,4.0,21.1,0.14
northeast,rye,tillering,144,0.9,75.6,3.2,15.1,0.12
northeast,rye,tillering,161,3.7,60.7,1.1,20.1,0.19
northeast,rye,tillering,168,3.3,59.3,11.3,15.7,0.11
northeast,rye,tillering,133,-0.2,47.5,8.6,15.6,0.08
northeast,rye,tillering,160,5.0,58.0,7.2,22.4,0.14
northeast,rye,tillering,155,3.5,72.4,11.6,18.3,0.14
northeast,rye,booting,189,11.1,71.1,1.5,26.9,0.27
northeast,rye,booting,171,6.0,61.8,12.6,18.6,0.19
northeast,rye,booting,179,5.0,78.8,7.7,16.7,0.14
northeast,rye,booting,172,6.6,67.8,2.8,21.6,0.17
northeast,rye,booting,178,6.8,56.5,2.7,19.0,0.2
northeast,rye,booting,164,2.8,62.6,4.8,15.8,0.13
northeast,rye,booting,169,6.3,78.7,1.0,15.9,0.17
northeast,rye,booting,198,10.8,73.7,1.5,18.6,0.15
northeast,rye,heading_flowering,220,12.9,79.9,7.9,20.4,0.3
northeast,rye,heading_flowering,202,12.2,77.7,7.1,22.8,0.27
northeast,rye,heading_flowering,199,10.3,78.0,12.4,21.2,0.4
northeast,rye,heading_flowering,205,14.0,66.3,7.4,24.2,0.41
northeast,rye,heading_flowering,210,12.5,59.8,4.8,23.6,0.42
northeast,rye,heading_flowering,192,10.8,62.1,7.0,26.3,0.24
northeast,rye,heading_flowering,234,13.9,62.1,1.8,24.0,0.41
northeast,rye,heading_flowering,212,11.6,59.2,5.9,26.7,0.32
northeast,rye,ripening_maturity,238,19.9,55.5,3.1,32.9,0.29
northeast,rye,ripening_maturity,236,12.4,68.7,12.3,27.4,0.2
northeast,rye,ripening_maturity,237,14.6,68.9,9.6,25.2,0.19
northeast,rye,ripening_maturity,257,16.1,55.5,15.9,21.0,0.22
northeast,rye,ripening_maturity,243,19.7,53.5,16.2,21.9,0.21
northeast,rye,ripening_maturity,247,17.7,77.1,10.7,24.1,0.37
northeast,rye,ripening_maturity,220,11.4,74.4,4.2,19.6,0.19
northeast,millet,sowing,96,-5.9,52.6,4.8,9.1,0.14
northeast,millet,sowing,93,-6.6,58.9,4.2,9.2,0.09
northeast,millet,sowing,120,-2.1,63.1,6.1,10.9,0.17
northeast,millet,sowing,114,-2.7,51.1,2.2,7.9,0.08
northeast,millet,sowing,118,-3.2,48.0,4.6,7.8,0.1
northeast,millet,sowing,101,-5.0,66.9,0.4,10.0,0.13
northeast,millet,sowing,91,-6.8,62.3,9.9,7.4,0.15
northeast,millet,emergence,140,1.8,59.1,6.4,9.0,0.12
northeast,millet,emergence,122,-1.5,53.0,9.9,7.6,0.17
northeast,millet,emergence,127,-1.5,75.1,8.2,8.1,0.07
northeast,millet,emergence,138,0.2,66.1,7.0,9.5,0.1
northeast,millet,emergence,126,-1.7,69.7,8.7,8.1,0.13
northeast,millet,emergence,130,-0.9,76.4,11.6,10.8,0.09
northeast,millet,emergence,117,-2.4,57.2,3.3,9.2,0.07
northeast,millet,emergence,123,-1.2,57.5,8.2,9.2,0.07
northeast,millet,tillering,170,7.7,72.5,3.4,11.5,0.17
northeast,millet,tillering,151,2.0,72.6,4.1,10.8,0.15
northeast,millet,tillering,149,3.4,49.7,1.6,10.9,0.13
northeast,millet,tillering,139,-0.1,70.1,7.3,9.6,0.12
northeast,millet,tillering,134,-0.0,69.0,2.4,11.0,0.15
northeast,millet,tillering,132,-1.4,54.2,6.2,8.8,0.09
northeast,millet,tillering,161,4.8,50.3,6.3,11.4,0.1
northeast,millet,tillering,140,0.0,56.8,8.0,9.5,0.17
northeast,millet,heading_flowering,209,9.4,70.6,13.6,14.6,0.14
northeast,millet,heading_flowering,211,14.1,58.9,13.5,13.2,0.34
northeast,millet,heading_flowering,240,15.0,69.3,2.6,17.7,0.32
northeast,millet,heading_flowering,222,11.1,69.5,8.4,15.1,0.29
northeast,millet,heading_flowering,205,8.8,70.5,14.0,15.7,0.14
northeast,millet,heading_flowering,216,11.7,70.3,3.9,14.7,0.35
northeast,millet,heading_flowering,227,13.8,76.8,16.7,14.5,0.25
northeast,millet,heading_flowering,208,13.1,59.5,10.5,14.5,0.37
northeast,millet,ripening_maturity,222,15.9,70.0,11.2,20.0,0.14
northeast,millet,ripening_maturity,252,21.4,82.8,18.1,13.4,0.66
northeast,millet,ripening_maturity,237,19.1,68.2,9.7,16.5,0.48
northeast,millet,ripening_maturity,262,19.6,55.3,7.1,19.4,0.3
northeast,millet,ripening_maturity,229,11.7,65.1,8.3,18.6,0.29
northeast,millet,ripening_maturity,231,14.5,80.4,6.1,16.8,0.37
northeast,millet,ripening_maturity,224,13.1,72.5,11.4,16.5,0.19
northeast,millet,ripening_maturity,227,13.5,72.2,2.0,12.4,0.16
northeast,sorghum,sowing,90,-7.0,50.8,1.3,10.5,0.2
northeast,sorghum,sowing,113,-3.9,71.5,5.1,10.6,0.16
northeast,sorghum,sowing,104,-4.7,68.3,7.9,12.9,0.1
northeast,sorghum,sowing,94,-6.5,62.8,8.6,8.5,0.08
northeast,sorghum,sowing,95,-6.3,75.2,5.7,8.9,0.22
northeast,sorghum,sowing,102,-5.4,67.7,6.8,11.4,0.19
northeast,sorghum,emergence,114,-2.7,66.9,3.4,13.4,0.12
northeast,sorghum,emergence,118,-2.1,75.4,7.3,10.1,0.09
northeast,sorghum,emergence,112,-3.4,55.8,8.7,9.3,0.17
northeast,sorghum,emergence,111,-4.2,68.5,9.5,10.5,0.17
northeast,sorghum,emergence,126,-1.4,47.9,11.4,9.7,0.19
northeast,sorghum,emergence,132,-1.1,54.3,6.2,14.0,0.11
northeast,sorghum,emergence,140,2.0,76.9,3.0,11.7,0.19
northeast,sorghum,emergence,128,-1.5,51.7,8.3,11.9,0.19
northeast,sorghum,tillering,133,-0.3,59.4,12.1,12.0,0.12
northeast,sorghum,tillering,152,3.9,62.0,3.7,17.8,0.1
northeast,sorghum,tillering,144,0.7,66.3,3.1,14.4,0.18
northeast,sorghum,tillering,161,4.9,57.8,2.8,14.1,0.09
northeast,sorghum,tillering,154,3.2,63.8,1.7,14.9,0.14
northeast,sorghum,tillering,166,3.4,54.0,13.0,15.8,0.13
northeast,sorghum,tillering,170,5.1,56.1,3.3,12.4,0.08
northeast,sorghum,tillering,158,2.1,62.2,12.1,15.0,0.2
northeast,sorghum,heading_flowering,228,12.1,78.9,5.0,15.4,0.41
northeast,sorghum,heading_flowering,207,10.8,70.1,7.1,18.0,0.24
northeast,sorghum,heading_flowering,206,8.9,64.6,15.2,21.7,0.11
northeast,sorghum,heading_flowering,238,14.4,54.8,5.0,22.2,0.34
northeast,sorghum,heading_flowering,203,9.9,60.4,12.7,19.4,0.12
northeast,sorghum,heading_flowering,239,13.8,77.5,4.4,19.4,0.27
northeast,sorghum,heading_flowering,231,12.4,52.9,15.9,16.1,0.4
northeast,sorghum,ripening_maturity,244,19.8,55.4,7.7,23.2,0.22
northeast,sorghum,ripening_maturity,227,14.7,76.1,2.6,22.6,0.44
northeast,sorghum,ripening_maturity,251,20.4,69.1,4.2,25.8,0.32
northeast,sorghum,ripening_maturity,280,18.9,65.3,19.6,24.6,0.41
northeast,sorghum,ripening_maturity,232,18.5,56.6,1.2,17.2,0.19
northeast,sorghum,ripening_maturity,263,16.9,71.5,17.8,21.0,0.4
northeast,sorghum,ripening_maturity,277,18.2,73.2,19.5,20.0,0.56
northeast,sorghum,ripening_maturity,249,14.5,64.2,10.0,25.3,0.29
northeast,peas,sowing,93,-6.5,64.1,4.4,8.0,0.15
northeast,peas,sowing,103,-4.8,54.0,5.0,8.5,0.17
northeast,peas,sowing,119,-2.4,51.4,11.1,11.1,0.34
northeast,peas,sowing,94,-6.4,45.8,7.1,9.0,0.28
northeast,peas,sowing,116,-3.0,61.9,0.4,10.3,0.3
northeast,peas,sowing,108,-3.8,54.0,10.8,9.0,0.17
northeast,peas,sowing,97,-6.0,64.2,8.7,9.3,0.19
northeast,peas,emergence,122,-2.7,62.9,0.9,11.8,0.14
northeast,peas,emergence,135,-0.2,77.2,6.1,10.7,0.27
northeast,peas,emergence,126,-0.6,74.0,0.3,11.4,0.3
northeast,peas,emergence,137,-0.3,61.4,3.3,13.7,0.21
northeast,peas,emergence,115,-3.1,74.4,7.3,11.5,0.24
northeast,peas,emergence,117,-3.3,65.1,5.3,12.1,0.18
northeast,peas,emergence,124,-1.7,72.4,11.0,12.6,0.16
northeast,peas,emergence,112,-4.0,75.7,7.5,8.6,0.27
northeast,peas,tillering,132,-0.5,56.4,11.8,13.1,0.2
northeast,peas,tillering,133,0.4,67.5,7.7,14.1,0.14
northeast,peas,tillering,131,-1.6,59.4,2.9,11.1,0.37
northeast,peas,tillering,158,2.8,57.0,5.8,11.1,0.13
northeast,peas,tillering,139,-0.3,68.7,4.0,10.7,0.37
northeast,peas,tillering,160,5.3,53.1,2.4,14.4,0.28
northeast,peas,tillering,130,-0.9,75.5,5.1,11.8,0.25
northeast,peas,heading_flowering,234,17.0,73.3,6.2,16.1,0.66
northeast,peas,heading_flowering,191,7.4,74.5,13.1,12.9,0.36
northeast,peas,heading_flowering,240,20.3,54.2,2.8,15.3,0.53
northeast,peas,heading_flowering,224,11.0,70.0,6.0,19.3,0.7
northeast,peas,heading_flowering,209,11.8,53.4,11.2,15.5,0.63
northeast,peas,heading_flowering,195,8.6,75.1,8.5,16.6,0.18
northeast,peas,heading_flowering,237,13.6,81.6,9.3,12.7,0.56
northeast,peas,ripening_maturity,232,11.9,56.1,11.0,18.8,0.35
northeast,peas,ripening_maturity,259,21.9,57.9,10.5,20.8,0.29
northeast,peas,ripening_maturity,231,13.8,52.4,16.8,18.8,0.63
northeast,peas,ripening_maturity,267,24.4,58.2,14.0,16.4,0.56
northeast,peas,ripening_maturity,278,26.7,75.8,2.2,16.2,0.82
northeast,peas,ripening_maturity,229,17.7,56.1,15.0,19.0,0.31
northeast,peas,ripening_maturity,235,15.5,56.1,8.2,19.9,0.54
northeast,peas,ripening_maturity,252,21.3,81.6,9.7,21.3,1.0
northeast,chickpeas,sowing,90,-7.0,57.1,3.5,6.9,0.24
northeast,chickpeas,sowing,116,-2.3,64.5,6.1,9.4,0.33
northeast,chickpeas,sowing,113,-2.8,55.4,2.1,8.1,0.18
northeast,chickpeas,sowing,105,-4.5,72.1,3.3,6.5,0.18
northeast,chickpeas,sowing,110,-3.4,57.4,3.1,7.3,0.22
northeast,chickpeas,sowing,109,-3.8,48.3,7.4,6.5,0.22
northeast,chickpeas,sowing,96,-6.1,62.2,2.4,8.4,0.12
northeast,chickpeas,emergence,135,0.9,67.9,2.5,11.4,0.21
northeast,chickpeas,emergence,136,1.2,51.2,2.5,9.0,0.13
northeast,chickpeas,emergence,125,-2.2,64.3,8.8,8.6,0.12
northeast,chickpeas,emergence,123,-2.2,67.8,7.8,10.8,0.17
northeast,chickpeas,emergence,119,-2.4,52.6,1.5,7.7,0.3
northeast,chickpeas,emergence,126,-0.8,62.2,3.8,8.2,0.18
northeast,chickpeas,emergence,114,-3.6,72.7,2.4,7.5,0.25
northeast,chickpeas,emergence,129,-1.0,75.0,7.8,9.8,0.22
northeast,chickpeas,tillering,131,-1.4,73.4,9.6,7.6,0.23
northeast,chickpeas,tillering,139,1.1,76.0,7.4,9.5,0.12
northeast,chickpeas,tillering,151,2.6,75.9,0.5,10.7,0.31
northeast,chickpeas,tillering,157,3.5,60.7,13.3,8.9,0.14
northeast,chickpeas,tillering,162,4.2,57.2,5.3,9.2,0.31
northeast,chickpeas,tillering,143,1.5,52.9,2.8,8.7,0.25
northeast,chickpeas,tillering,146,1.8,51.3,5.2,8.3,0.12
northeast,chickpeas,heading_flowering,195,8.5,54.6,2.5,12.7,0.26
northeast,chickpeas,heading_flowering,223,17.5,52.1,11.0,12.2,0.64
northeast,chickpeas,heading_flowering,201,8.8,53.0,11.2,11.2,0.32
northeast,chickpeas,heading_flowering,211,10.6,74.4,15.2,12.5,0.37
northeast,chickpeas,heading_flowering,217,10.1,66.6,2.3,13.0,0.38
northeast,chickpeas,heading_flowering,194,7.3,58.5,8.2,12.2,0.12
northeast,chickpeas,heading_flowering,226,16.6,73.4,3.5,13.9,0.27
northeast,chickpeas,heading_flowering,203,8.9,79.6,1.4,10.7,0.23
northeast,chickpeas,ripening_maturity,257,23.0,70.4,3.5,15.9,0.91
northeast,chickpeas,ripening_maturity,267,19.6,66.9,7.7,17.9,0.48
northeast,chickpeas,ripening_maturity,253,19.1,75.8,14.1,15.8,0.45
northeast,chickpeas,ripening_maturity,261,15.6,56.7,10.7,16.6,0.35
northeast,chickpeas,ripening_maturity,246,13.7,65.2,10.1,15.7,0.52
northeast,chickpeas,ripening_maturity,266,25.3,80.7,9.3,14.3,0.62
northeast,chickpeas,ripening_maturity,237,18.9,67.8,17.4,13.8,0.54
northeast,chickpeas,ripening_maturity,248,21.6,73.4,12.3,16.0,0.9
northeast,sunflower,sowing,101,-5.2,53.2,4.0,9.1,0.14
northeast,sunflower,sowing,97,-5.8,60.6,0.9,8.1,0.19
northeast,sunflower,sowing,94,-6.5,61.3,1.1,7.6,0.25
northeast,sunflower,sowing,107,-3.9,55.5,9.5,10.1,0.17
northeast,sunflower,sowing,112,-3.3,57.3,0.5,9.9,0.1
northeast,sunflower,sowing,92,-6.7,56.6,4.6,7.4,0.17
northeast,sunflower,sowing,104,-4.6,56.6,5.8,9.2,0.15
northeast,sunflower,sowing,98,-5.8,51.3,6.0,7.1,0.12
northeast,sunflower,emergence,115,-2.9,61.6,6.3,9.2,0.12
northeast,sunflower,emergence,119,-2.2,56.0,8.0,10.8,0.15
northeast,sunflower,emergence,134,0.5,63.5,6.4,10.1,0.25
northeast,sunflower,emergence,117,-2.9,69.3,10.3,10.2,0.12
northeast,sunflower,emergence,129,-0.5,71.8,5.2,8.5,0.15
northeast,sunflower,emergence,120,-2.0,54.6,11.6,8.1,0.1
northeast,sunflower,emergence,136,0.4,75.0,12.0,10.4,0.19
northeast,sunflower,emergence,122,-2.3,53.0,10.0,10.5,0.21
northeast,sunflower,tillering,160,3.9,66.1,5.1,10.9,0.2
northeast,sunflower,tillering,149,3.6,66.6,2.8,13.0,0.24
northeast,sunflower,tillering,154,1.6,70.6,11.1,13.3,0.28
northeast,sunflower,tillering,134,-0.8,68.0,8.1,12.2,0.25
northeast,sunflower,tillering,161,4.4,71.0,4.1,12.5,0.12
northeast,sunflower,tillering,146,2.5,67.0,2.1,11.7,0.21
northeast,sunflower,tillering,156,2.8,61.7,11.6,12.8,0.28
northeast,sunflower,tillering,158,4.0,77.4,9.1,11.3,0.1
northeast,sunflower,heading_flowering,227,14.7,80.4,1.1,13.6,0.54
northeast,sunflower,heading_flowering,206,9.0,60.4,14.3,15.7,0.25
northeast,sunflower,heading_flowering,204,11.0,80.7,7.6,10.8,0.3
northeast,sunflower,heading_flowering,194,11.9,73.5,4.4,15.1,0.49
northeast,sunflower,heading_flowering,232,13.6,67.2,1.6,17.0,0.47
northeast,sunflower,heading_flowering,212,9.8,55.2,8.8,12.4,0.1
northeast,sunflower,heading_flowering,209,8.9,69.1,8.9,16.8,0.2
northeast,sunflower,heading_flowering,220,12.1,70.0,1.1,12.8,0.21
northeast,sunflower,ripening_maturity,242,20.3,58.7,11.2,17.4,0.22
northeast,sunflower,ripening_maturity,253,22.9,74.3,16.4,21.0,0.59
northeast,sunflower,ripening_maturity,237,18.9,63.4,4.9,21.8,0.49
northeast,sunflower,ripening_maturity,251,21.2,72.9,17.9,19.7,0.85
northeast,sunflower,ripening_maturity,256,20.3,69.9,14.1,20.0,0.68
northeast,sunflower,ripening_maturity,272,22.9,54.9,4.1,17.6,0.58
northeast,sunflower,ripening_maturity,267,24.1,59.2,5.6,14.9,0.48
northeast,sunflower,ripening_maturity,274,19.3,83.7,2.8,14.6,0.32
northeast,sugar_beet,sowing,120,-2.2,75.5,7.2,192.9,0.23
northeast,sugar_beet,sowing,98,-5.9,69.6,8.1,172.1,0.24
northeast,sugar_beet,sowing,99,-5.4,51.7,9.2,111.4,0.1
northeast,sugar_beet,sowing,118,-3.0,71.8,8.4,194.5,0.11
northeast,sugar_beet,sowing,96,-6.0,59.5,9.9,155.8,0.25
northeast,sugar_beet,sowing,110,-4.3,71.1,4.2,177.1,0.18
northeast,sugar_beet,sowing,119,-3.0,56.3,2.8,187.0,0.24
northeast,sugar_beet,sowing,100,-5.2,59.3,6.5,131.8,0.23
northeast,sugar_beet,emergence,115,-3.5,59.6,4.0,163.7,0.19
northeast,sugar_beet,emergence,129,-1.3,47.8,3.7,158.1,0.09
northeast,sugar_beet,emergence,113,-2.8,53.4,3.8,136.2,0.19
northeast,sugar_beet,emergence,114,-3.6,70.8,1.6,170.9,0.15
northeast,sugar_beet,emergence,135,0.3,47.5,1.2,188.4,0.1
northeast,sugar_beet,emergence,125,-0.9,48.6,4.6,185.6,0.18
northeast,sugar_beet,emergence,128,-0.1,69.2,1.3,199.8,0.16
northeast,sugar_beet,tillering,156,4.2,57.1,3.6,195.7,0.12
northeast,sugar_beet,tillering,132,-0.6,72.8,9.2,160.7,0.11
northeast,sugar_beet,tillering,157,4.5,75.6,6.2,207.5,0.25
northeast,sugar_beet,tillering,140,0.9,61.9,3.5,221.0,0.24
northeast,sugar_beet,tillering,141,0.5,73.8,9.8,163.6,0.09
northeast,sugar_beet,tillering,135,0.2,67.3,7.4,186.9,0.12
northeast,sugar_beet,tillering,153,1.7,60.5,6.6,201.8,0.23
northeast,sugar_beet,tillering,165,4.0,51.1,5.0,211.6,0.16
northeast,sugar_beet,ripening_maturity,255,15.9,73.7,9.9,296.2,0.29
northeast,sugar_beet,ripening_maturity,250,19.9,56.1,9.3,276.5,0.43
northeast,sugar_beet,ripening_maturity,257,21.0,79.6,1.9,335.7,0.57
northeast,sugar_beet,ripening_maturity,243,16.6,70.6,9.6,253.4,0.2
northeast,sugar_beet,ripening_maturity,224,12.7,69.2,7.7,256.2,0.44
northeast,sugar_beet,ripening_maturity,242,15.4,55.2,16.8,262.5,0.45
northeast,sugar_beet,ripening_maturity,252,19.8,79.7,1.1,323.2,0.56
northeast,soybeans,sowing,105,-4.5,53.4,6.1,7.6,0.24
northeast,soybeans,sowing,106,-4.3,46.4,5.8,7.0,0.19
northeast,soybeans,sowing,99,-5.6,61.8,1.0,8.7,0.15
northeast,soybeans,sowing,104,-4.9,54.3,5.3,8.1,0.18
northeast,soybeans,sowing,118,-2.1,55.3,6.7,9.2,0.18
northeast,soybeans,sowing,98,-5.8,71.0,8.4,6.8,0.16
northeast,soybeans,sowing,117,-2.2,49.4,2.9,8.5,0.28
northeast,soybeans,sowing,100,-5.7,50.1,7.5,6.1,0.2
northeast,soybeans,emergence,125,-1.0,49.1,9.9,7.9,0.23
northeast,soybeans,emergence,135,0.8,47.9,6.9,9.8,0.2
northeast,soybeans,emergence,134,-0.8,74.0,5.6,7.6,0.27
northeast,soybeans,emergence,118,-2.5,72.3,5.6,10.2,0.25
northeast,soybeans,emergence,137,1.0,77.5,9.1,7.7,0.21
northeast,soybeans,emergence,132,-1.3,47.3,5.7,9.0,0.23
northeast,soybeans,emergence,140,0.8,49.5,7.7,9.1,0.12
northeast,soybeans,tillering,163,5.7,76.0,13.5,9.6,0.29
northeast,soybeans,tillering,155,2.5,63.8,10.9,8.9,0.23
northeast,soybeans,tillering,169,4.0,49.6,4.6,10.1,0.13
northeast,soybeans,tillering,130,-0.7,62.2,4.0,10.4,0.29
northeast,soybeans,tillering,170,7.5,75.1,8.1,11.1,0.17
northeast,soybeans,tillering,149,2.0,57.6,6.3,9.1,0.31
northeast,soybeans,tillering,146,1.9,49.7,1.7,8.1,0.2
northeast,soybeans,tillering,160,5.2,77.4,11.3,10.7,0.14
northeast,soybeans,heading_flowering,195,7.1,50.9,12.4,10.8,0.13
northeast,soybeans,heading_flowering,223,17.3,81.0,3.9,15.4,0.29
northeast,soybeans,heading_flowering,231,12.5,81.3,5.3,13.9,0.37
northeast,soybeans,heading_flowering,233,18.7,79.6,3.0,13.6,0.71
northeast,soybeans,heading_flowering,232,18.9,79.9,3.2,12.2,0.37
northeast,soybeans,heading_flowering,198,9.1,75.8,5.1,11.9,0.19
northeast,soybeans,heading_flowering,193,7.8,78.4,14.0,12.4,0.11
northeast,soybeans,ripening_maturity,248,19.0,61.6,16.7,17.2,0.24
northeast,soybeans,ripening_maturity,241,19.8,77.4,4.4,13.3,0.77
northeast,soybeans,ripening_maturity,244,14.7,70.4,17.4,14.6,0.24
northeast,soybeans,ripening_maturity,240,15.4,62.8,5.3,15.1,0.29
northeast,soybeans,ripening_maturity,273,24.5,62.6,15.1,14.7,0.35
northeast,soybeans,ripening_maturity,254,19.0,67.4,16.8,19.4,0.56
northeast,soybeans,ripening_maturity,253,18.6,56.9,2.4,17.3,0.43
northeast,flax,sowing,114,-3.6,52.3,0.7,5.4,0.13
northeast,flax,sowing,120,-2.5,54.8,9.3,5.2,0.23
northeast,flax,sowing,97,-5.8,61.3,1.3,5.8,0.23
northeast,flax,sowing,116,-3.3,63.3,7.1,4.8,0.15
northeast,flax,sowing,101,-5.4,67.2,9.2,5.6,0.17
northeast,flax,sowing,115,-3.5,74.7,5.5,4.9,0.21
northeast,flax,sowing,99,-5.5,54.6,6.3,4.9,0.08
northeast,flax,emergence,124,-1.5,69.7,1.9,5.4,0.23
northeast,flax,emergence,125,-0.9,54.1,10.8,4.9,0.16
northeast,flax,emergence,129,-1.1,63.3,8.3,6.9,0.24
northeast,flax,emergence,128,-1.4,76.1,11.2,6.5,0.15
northeast,flax,emergence,132,0.4,58.1,8.2,6.3,0.12
northeast,flax,emergence,123,-1.7,66.0,10.0,5.7,0.11
northeast,flax,emergence,139,1.6,70.7,0.8,5.9,0.17
northeast,flax,emergence,117,-2.9,56.2,5.6,6.3,0.09
northeast,flax,tillering,137,-0.4,48.4,11.8,5.0,0.12
northeast,flax,tillering,167,3.8,75.9,5.9,6.7,0.2
northeast,flax,tillering,168,5.8,50.3,2.9,7.8,0.21
northeast,flax,tillering,158,3.2,73.7,1.6,7.3,0.12
northeast,flax,tillering,138,1.6,49.7,11.2,5.4,0.2
northeast,flax,tillering,147,3.4,71.8,8.0,7.0,0.09
northeast,flax,tillering,133,-0.5,51.8,8.3,5.2,0.18
northeast,flax,heading_flowering,230,14.8,78.3,16.0,10.7,0.22
northeast,flax,heading_flowering,209,10.3,69.0,8.4,7.1,0.47
northeast,flax,heading_flowering,214,13.8,75.1,13.2,7.7,0.31
northeast,flax,heading_flowering,194,9.6,78.4,7.6,7.8,0.1
northeast,flax,heading_flowering,222,13.5,68.6,7.0,9.4,0.17
northeast,flax,heading_flowering,236,17.4,76.0,2.6,10.1,0.18
northeast,flax,heading_flowering,223,12.2,79.7,9.0,6.6,0.17
northeast,flax,heading_flowering,203,8.3,66.1,3.2,8.9,0.19
northeast,flax,ripening_maturity,268,21.8,54.6,5.2,10.3,0.32
northeast,flax,ripening_maturity,221,14.7,52.4,11.2,9.4,0.27
northeast,flax,ripening_maturity,260,24.3,68.4,14.4,10.8,0.27
northeast,flax,ripening_maturity,229,15.6,77.4,1.0,8.2,0.46
northeast,flax,ripening_maturity,259,18.1,83.8,18.8,7.9,0.4
northeast,flax,ripening_maturity,226,11.1,59.5,15.2,8.6,0.4
northeast,flax,ripening_maturity,274,18.2,75.3,3.4,11.1,0.4
northeast,flax,ripening_maturity,266,16.8,75.0,11.1,11.3,0.21
northeast,mustard,sowing,101,-5.1,63.1,1.1,5.0,0.08
northeast,mustard,sowing,96,-6.0,45.5,9.5,3.1,0.21
northeast,mustard,sowing,98,-5.9,73.8,1.6,4.5,0.11
northeast,mustard,sowing,114,-2.9,68.9,2.7,4.7,0.16
northeast,mustard,sowing,109,-3.8,53.2,3.3,4.8,0.15
northeast,mustard,sowing,108,-4.1,59.8,3.6,4.7,0.17
northeast,mustard,sowing,115,-2.6,61.3,5.1,5.1,0.16
northeast,mustard,emergence,136,0.2,55.3,3.2,5.1,0.19
northeast,mustard,emergence,127,-1.7,62.0,3.0,4.9,0.18
northeast,mustard,emergence,138,0.5,61.9,6.1,4.8,0.09
northeast,mustard,emergence,115,-2.9,63.1,5.7,4.9,0.09
northeast,mustard,emergence,116,-2.4,54.3,2.8,4.5,0.11
northeast,mustard,emergence,128,-1.3,51.1,6.4,3.9,0.2
northeast,mustard,emergence,139,0.7,60.7,9.6,5.3,0.2
northeast,mustard,tillering,163,3.3,56.9,7.2,4.9,0.16
northeast,mustard,tillering,140,-0.1,50.7,0.4,4.9,0.21
northeast,mustard,tillering,142,0.2,56.8,11.4,6.2,0.19
northeast,mustard,tillering,139,0.9,57.7,6.1,5.6,0.19
northeast,mustard,tillering,154,2.9,73.0,12.1,4.8,0.14
northeast,mustard,tillering,156,4.6,50.2,6.6,5.6,0.09
northeast,mustard,tillering,133,0.6,74.7,3.5,6.0,0.11
northeast,mustard,heading_flowering,206,8.6,52.4,11.7,6.3,0.11
northeast,mustard,heading_flowering,195,11.3,62.8,5.3,8.4,0.16
northeast,mustard,heading_flowering,216,12.1,66.2,6.1,7.4,0.41
northeast,mustard,heading_flowering,223,11.5,52.9,1.5,7.4,0.26
northeast,mustard,heading_flowering,202,12.2,69.1,9.2,6.3,0.18
northeast,mustard,heading_flowering,222,14.0,76.7,14.6,8.7,0.41
northeast,mustard,heading_flowering,190,8.0,79.1,8.5,5.1,0.16
northeast,mustard,heading_flowering,231,18.8,57.2,8.6,8.2,0.32
northeast,mustard,ripening_maturity,275,23.5,63.5,7.6,10.2,0.16
northeast,mustard,ripening_maturity,269,24.4,63.3,15.4,7.6,0.41
northeast,mustard,ripening_maturity,234,17.8,60.5,0.4,9.3,0.41
northeast,mustard,ripening_maturity,235,17.1,65.9,16.7,8.0,0.29
northeast,mustard,ripening_maturity,250,15.6,70.6,4.2,9.4,0.4
northeast,mustard,ripening_maturity,272,17.7,84.4,15.4,8.6,0.19
northeast,mustard,ripening_maturity,244,17.6,81.4,7.4,8.2,0.28
northeast,potatoes,sowing,102,-5.3,49.3,6.7,102.4,0.35
northeast,potatoes,sowing,116,-3.1,47.6,5.8,104.7,0.18
northeast,potatoes,sowing,93,-6.5,50.4,7.4,99.4,0.2
northeast,potatoes,sowing,117,-2.8,62.6,9.7,122.0,0.24
northeast,potatoes,sowing,97,-6.0,63.5,1.5,90.1,0.28
northeast,potatoes,sowing,109,-4.2,66.5,7.6,117.3,0.35
northeast,potatoes,sowing,118,-2.5,67.1,3.9,104.6,0.41
northeast,potatoes,emergence,110,-4.0,67.7,1.2,102.0,0.3
northeast,potatoes,emergence,123,-2.2,48.6,2.2,124.9,0.33
northeast,potatoes,emergence,126,-1.7,65.7,2.0,129.0,0.28
northeast,potatoes,emergence,135,-0.1,58.0,6.5,119.6,0.33
northeast,potatoes,emergence,120,-2.6,52.0,1.3,120.0,0.19
northeast,potatoes,emergence,114,-3.6,65.9,1.9,123.5,0.28
northeast,potatoes,emergence,121,-2.4,66.5,7.8,115.3,0.26
northeast,potatoes,tillering,165,3.4,68.1,1.3,129.9,0.31
northeast,potatoes,tillering,151,3.5,73.5,10.1,125.0,0.37
northeast,potatoes,tillering,160,4.2,61.8,3.9,162.3,0.38
northeast,potatoes,tillering,132,-0.6,54.0,3.4,120.9,0.24
northeast,potatoes,tillering,143,2.5,64.5,11.1,172.0,0.37
northeast,potatoes,tillering,168,4.6,73.6,0.8,171.1,0.28
northeast,potatoes,tillering,162,4.4,68.8,0.5,179.0,0.26
northeast,potatoes,heading_flowering,239,13.0,74.6,1.7,201.4,0.41
northeast,potatoes,heading_flowering,223,13.4,80.8,10.3,195.7,0.34
northeast,potatoes,heading_flowering,211,13.3,56.5,4.7,167.2,0.61
northeast,potatoes,heading_flowering,222,12.3,75.7,4.0,193.0,0.41
northeast,potatoes,heading_flowering,215,13.5,76.2,4.9,165.0,0.71
northeast,potatoes,heading_flowering,192,8.2,72.0,10.2,199.2,0.39
northeast,potatoes,ripening_maturity,240,13.7,59.6,9.1,224.1,0.66
northeast,potatoes,ripening_maturity,258,16.8,78.6,15.7,177.5,0.76
northeast,potatoes,ripening_maturity,238,17.1,82.5,3.2,152.3,0.7
northeast,potatoes,ripening_maturity,257,23.3,71.9,2.2,233.3,0.83
northeast,potatoes,ripening_maturity,227,14.9,59.9,11.7,207.0,0.4
northeast,potatoes,ripening_maturity,245,20.1,54.0,11.6,201.2,0.44
northeast,potatoes,ripening_maturity,280,26.9,82.6,1.4,209.6,0.59
northeast,tomatoes,sowing,108,-3.7,64.6,7.8,178.0,0.27
northeast,tomatoes,sowing,93,-6.5,66.6,9.3,183.2,0.35
northeast,tomatoes,sowing,110,-3.6,66.3,7.9,191.8,0.26
northeast,tomatoes,sowing,105,-4.4,61.4,1.1,159.6,0.4
northeast,tomatoes,sowing,116,-2.4,76.3,10.1,204.2,0.26
northeast,tomatoes,sowing,115,-2.4,54.7,7.7,159.9,0.32
northeast,tomatoes,sowing,90,-7.0,70.2,8.5,176.6,0.41
northeast,tomatoes,sowing,98,-5.9,54.8,2.1,184.3,0.27
northeast,tomatoes,emergence,136,-0.9,66.6,0.9,249.7,0.44
northeast,tomatoes,emergence,127,-1.4,51.3,5.0,155.2,0.32
northeast,tomatoes,emergence,122,-1.8,56.5,11.5,204.6,0.16
northeast,tomatoes,emergence,139,-0.3,51.4,7.1,221.6,0.44
northeast,tomatoes,emergence,118,-2.7,54.4,2.1,194.6,0.3
northeast,tomatoes,emergence,113,-3.4,66.8,8.8,156.2,0.42
northeast,tomatoes,emergence,120,-1.8,69.2,8.8,218.2,0.35
northeast,tomatoes,tillering,170,6.2,50.4,8.9,259.6,0.3
northeast,tomatoes,tillering,138,1.0,48.5,9.2,219.7,0.27
northeast,tomatoes,tillering,142,1.9,64.6,11.3,240.9,0.31
northeast,tomatoes,tillering,132,-0.3,65.7,6.0,184.3,0.38
northeast,tomatoes,tillering,140,0.0,66.3,9.2,227.2,0.37
northeast,tomatoes,tillering,160,3.2,66.5,12.8,263.4,0.27
northeast,tomatoes,tillering,155,4.6,56.4,9.6,200.2,0.16
northeast,tomatoes,heading_flowering,212,11.3,52.9,0.8,282.3,0.76
northeast,tomatoes,heading_flowering,208,8.6,54.0,5.5,254.0,0.23
northeast,tomatoes,heading_flowering,199,7.8,79.4,3.7,286.6,0.28
northeast,tomatoes,heading_flowering,202,8.1,63.1,3.1,239.1,0.32
northeast,tomatoes,heading_flowering,191,7.0,53.2,6.7,289.8,0.31
northeast,tomatoes,heading_flowering,197,8.1,79.4,6.2,231.5,0.41
northeast,tomatoes,heading_flowering,210,12.1,73.1,9.6,255.0,0.7
northeast,tomatoes,heading_flowering,215,14.7,81.3,6.4,279.6,0.33
northeast,tomatoes,ripening_maturity,280,21.0,74.9,3.4,379.8,0.57
northeast,tomatoes,ripening_maturity,247,17.9,70.2,12.3,412.3,0.66
northeast,tomatoes,ripening_maturity,237,13.9,71.2,1.8,300.8,0.73
northeast,tomatoes,ripening_maturity,276,27.1,70.6,15.7,385.3,1.0
northeast,tomatoes,ripening_maturity,242,17.0,74.3,4.7,303.6,0.5
northeast,tomatoes,ripening_maturity,274,24.5,73.6,14.8,338.6,1.0
northeast,tomatoes,ripening_maturity,225,11.0,78.5,0.5,317.9,0.59
northeast,tomatoes,ripening_maturity,238,19.1,67.8,12.2,350.4,0.69
northeast,onions,sowing,90,-7.0,64.6,7.4,100.4,0.27
northeast,onions,sowing,112,-3.3,51.8,3.2,144.1,0.18
northeast,onions,sowing,99,-5.7,48.9,1.4,122.1,0.26
northeast,onions,sowing,101,-5.1,52.8,4.6,126.2,0.19
northeast,onions,sowing,114,-3.6,61.7,3.1,166.5,0.27
northeast,onions,sowing,100,-5.4,74.1,5.8,133.9,0.2
northeast,onions,sowing,92,-6.6,73.4,3.6,120.5,0.11
northeast,onions,sowing,109,-4.1,52.2,9.7,108.0,0.18
northeast,onions,emergence,114,-2.7,71.4,5.5,137.0,0.14
northeast,onions,emergence,122,-2.7,60.6,9.6,151.8,0.25
northeast,onions,emergence,125,-2.3,74.2,1.7,148.2,0.14
northeast,onions,emergence,137,-0.1,62.3,5.4,157.1,0.14
northeast,onions,emergence,118,-2.0,58.8,3.5,117.9,0.2
northeast,onions,emergence,134,-0.5,76.5,2.6,137.0,0.16
northeast,onions,emergence,116,-2.8,69.7,8.6,134.2,0.21
northeast,onions,emergence,124,-1.6,66.4,4.7,165.4,0.1
northeast,onions,tillering,164,3.6,60.7,4.6,174.2,0.12
northeast,onions,tillering,170,4.7,51.5,10.1,168.6,0.27
northeast,onions,tillering,152,1.4,72.4,9.0,178.5,0.18
northeast,onions,tillering,136,-0.9,54.8,8.5,123.9,0.12
northeast,onions,tillering,167,5.8,70.4,2.8,159.6,0.27
northeast,onions,ripening_maturity,255,21.4,71.6,6.5,250.5,0.35
northeast,onions,ripening_maturity,232,16.1,63.3,8.5,245.9,0.43
northeast,onions,ripening_maturity,260,17.2,58.3,17.2,300.5,0.57
northeast,onions,ripening_maturity,229,18.1,60.7,16.5,218.5,0.42
northeast,onions,ripening_maturity,275,25.0,79.5,18.1,277.8,1.0
northeast,onions,ripening_maturity,262,16.0,80.4,6.2,190.2,0.37
northeast,onions,ripening_maturity,248,14.9,54.1,12.7,238.9,0.55
northeast,apples,sowing,118,-2.8,58.8,0.5,85.9,0.33
northeast,apples,sowing,94,-6.4,65.9,2.5,83.5,0.32
northeast,apples,sowing,120,-1.7,55.5,7.7,81.4,0.3
northeast,apples,sowing,110,-4.1,55.5,1.6,78.7,0.18
northeast,apples,sowing,93,-6.6,66.3,7.5,77.8,0.21
northeast,apples,sowing,106,-4.1,62.9,4.1,103.2,0.19
northeast,apples,sowing,113,-3.2,47.9,7.6,93.5,0.22
northeast,apples,tillering,137,0.4,66.0,5.9,130.2,0.25
northeast,apples,tillering,132,-0.7,64.9,5.7,119.8,0.18
northeast,apples,tillering,149,1.5,63.8,10.6,109.8,0.29
northeast,apples,tillering,158,5.1,74.1,10.6,109.2,0.33
northeast,apples,tillering,156,5.1,77.9,3.8,94.1,0.3
northeast,apples,tillering,162,2.9,70.0,0.7,134.8,0.16
northeast,apples,tillering,148,1.2,76.9,9.1,115.3,0.22
northeast,apples,tillering,135,-0.6,66.7,4.3,123.3,0.16
northeast,apples,heading_flowering,238,18.9,59.1,4.5,150.4,0.61
northeast,apples,heading_flowering,191,9.9,75.3,4.1,141.9,0.27
northeast,apples,heading_flowering,204,13.6,79.5,6.0,158.1,0.62
northeast,apples,heading_flowering,198,11.1,70.5,14.9,161.4,0.28
northeast,apples,heading_flowering,193,7.9,61.6,3.8,142.1,0.16
northeast,apples,heading_flowering,213,15.0,54.0,3.4,149.5,0.54
northeast,apples,heading_flowering,232,17.7,75.4,6.9,193.6,0.71
northeast,apples,ripening_maturity,229,12.7,67.2,12.9,176.4,0.5
northeast,apples,ripening_maturity,235,18.1,53.2,8.7,151.6,0.62
northeast,apples,ripening_maturity,228,12.9,57.4,9.3,138.5,0.56
northeast,apples,ripening_maturity,230,18.7,53.2,6.1,138.9,0.38
northeast,apples,ripening_maturity,276,26.0,61.8,15.5,185.8,0.74
northeast,apples,ripening_maturity,224,16.2,56.1,5.5,168.5,0.6
northeast,apples,ripening_maturity,246,15.9,56.8,12.9,170.5,0.44
northeast,apples,ripening_maturity,268,23.1,57.8,6.1,201.9,0.43
northeast,plums,sowing,116,-2.8,71.1,1.4,83.6,0.29
northeast,plums,sowing,109,-4.0,72.1,1.7,71.6,0.24
northeast,plums,sowing,112,-3.2,49.4,11.0,65.8,0.26
northeast,plums,sowing,108,-4.5,47.6,9.5,53.5,0.11
northeast,plums,sowing,118,-1.8,55.1,2.0,63.5,0.32
northeast,plums,sowing,115,-3.3,46.9,1.8,65.4,0.14
northeast,plums,tillering,140,1.4,47.7,11.8,61.6,0.2
northeast,plums,tillering,149,3.8,75.9,11.8,92.9,0.2
northeast,plums,tillering,155,3.5,57.8,4.2,95.9,0.31
northeast,plums,tillering,163,3.0,75.8,5.0,84.7,0.19
northeast,plums,tillering,144,1.8,63.6,2.8,86.5,0.29
northeast,plums,tillering,158,2.3,61.9,3.7,102.5,0.14
northeast,plums,heading_flowering,211,9.9,72.7,11.2,85.0,0.21
northeast,plums,heading_flowering,204,12.0,57.5,9.6,129.3,0.58
northeast,plums,heading_flowering,217,16.3,52.0,10.5,111.6,0.61
northeast,plums,heading_flowering,229,12.6,56.2,5.9,98.2,0.45
northeast,plums,heading_flowering,201,7.7,75.3,0.5,102.1,0.19
northeast,plums,heading_flowering,237,18.7,54.6,14.5,125.3,0.29
northeast,plums,heading_flowering,218,13.3,74.0,8.7,109.3,0.4
northeast,plums,heading_flowering,222,11.6,58.7,0.7,121.2,0.59
northeast,plums,ripening_maturity,229,14.5,75.9,1.9,114.6,0.6
northeast,plums,ripening_maturity,228,14.9,59.5,2.4,125.8,0.57
northeast,plums,ripening_maturity,270,19.9,67.0,10.1,139.5,0.52
northeast,plums,ripening_maturity,232,18.1,80.8,16.3,110.9,0.39
northeast,plums,ripening_maturity,277,26.0,69.7,2.9,141.8,0.48
northeast,plums,ripening_maturity,265,22.6,60.5,13.0,153.1,0.48
northeast,grapes,sowing,97,-5.9,67.7,6.5,57.9,0.22
northeast,grapes,sowing,107,-4.4,54.4,2.1,47.3,0.27
northeast,grapes,sowing,115,-2.6,63.0,2.3,59.0,0.35
northeast,grapes,sowing,120,-3.0,68.5,10.1,48.6,0.22
northeast,grapes,sowing,100,-5.2,59.6,5.7,62.1,0.32
northeast,grapes,sowing,105,-4.8,59.4,5.7,58.1,0.23
northeast,grapes,sowing,117,-2.2,59.9,1.0,58.2,0.29
northeast,grapes,tillering,144,1.6,61.9,4.0,62.7,0.24
northeast,grapes,tillering,168,5.0,64.6,2.7,84.0,0.32
northeast,grapes,tillering,159,4.1,68.8,9.7,67.9,0.23
northeast,grapes,tillering,136,0.9,76.5,9.3,53.4,0.14
northeast,grapes,tillering,165,5.2,62.4,12.0,91.8,0.24
northeast,grapes,tillering,167,5.3,59.4,14.0,83.7,0.3
northeast,grapes,tillering,155,1.7,71.7,7.8,73.4,0.16
northeast,grapes,heading_flowering,194,9.3,69.4,14.1,82.8,0.31
northeast,grapes,heading_flowering,229,12.1,81.9,5.6,68.1,0.34
northeast,grapes,heading_flowering,200,7.7,58.8,8.0,77.8,0.17
northeast,grapes,heading_flowering,225,10.9,71.3,7.3,79.4,0.34
northeast,grapes,heading_flowering,230,15.4,60.2,10.3,89.7,0.71
northeast,grapes,heading_flowering,237,13.3,76.3,12.0,74.4,0.57
northeast,grapes,heading_flowering,202,13.3,55.1,10.3,85.1,0.7
northeast,grapes,heading_flowering,197,11.3,71.2,11.9,89.6,0.55
northeast,grapes,ripening_maturity,272,19.4,67.7,10.3,101.6,0.37
northeast,grapes,ripening_maturity,249,14.6,72.9,12.1,111.3,0.24
northeast,grapes,ripening_maturity,232,12.5,65.1,5.7,79.1,0.31
northeast,grapes,ripening_maturity,227,14.7,59.2,3.4,108.5,0.3
northeast,grapes,ripening_maturity,259,23.6,79.9,5.6,92.3,0.89
northeast,grapes,ripening_maturity,252,15.8,63.0,8.0,95.2,0.37
northeast,grapes,ripening_maturity,229,16.2,73.0,13.7,82.6,0.41
central_irrigated,winter_wheat,sowing,113,-0.6,61.8,11.3,25.9,0.21
central_irrigated,winter_wheat,sowing,94,-3.4,67.6,7.9,19.5,0.15
central_irrigated,winter_wheat,sowing,102,-2.1,68.4,3.3,21.9,0.18
central_irrigated,winter_wheat,sowing,105,-1.5,71.7,6.9,23.3,0.26
central_irrigated,winter_wheat,sowing,104,-2.1,72.4,12.9,21.9,0.14
central_irrigated,winter_wheat,sowing,118,0.1,85.1,12.9,21.5,0.23
central_irrigated,winter_wheat,sowing,95,-3.1,75.0,6.7,20.3,0.23
central_irrigated,winter_wheat,sowing,103,-1.7,59.1,15.6,26.4,0.15
central_irrigated,winter_wheat,tillering,150,4.4,87.9,11.5,21.2,0.14
central_irrigated,winter_wheat,tillering,152,6.9,63.4,18.0,32.8,0.24
central_irrigated,winter_wheat,tillering,136,2.2,72.1,6.5,22.2,0.25
central_irrigated,winter_wheat,tillering,170,8.2,67.8,6.5,36.2,0.1
central_irrigated,winter_wheat,tillering,147,5.5,66.8,5.0,25.6,0.14
central_irrigated,winter_wheat,tillering,165,6.7,72.9,10.4,33.1,0.22
central_irrigated,winter_wheat,tillering,134,3.0,66.6,3.5,30.1,0.19
central_irrigated,winter_wheat,tillering,140,4.0,68.1,10.3,29.6,0.16
central_irrigated,winter_wheat,booting,190,13.1,85.0,20.3,29.4,0.4
central_irrigated,winter_wheat,booting,200,13.3,65.4,9.4,34.5,0.32
central_irrigated,winter_wheat,booting,161,5.7,65.7,19.6,35.6,0.1
central_irrigated,winter_wheat,booting,174,9.9,62.5,18.4,34.4,0.26
central_irrigated,winter_wheat,booting,177,7.5,77.7,6.8,31.9,0.14
central_irrigated,winter_wheat,booting,178,9.7,66.8,19.7,33.9,0.26
central_irrigated,winter_wheat,booting,194,14.1,84.5,11.2,31.8,0.39
central_irrigated,winter_wheat,booting,183,10.3,68.2,6.7,33.9,0.33
central_irrigated,winter_wheat,heading_flowering,226,20.5,79.8,11.1,39.4,0.89
central_irrigated,winter_wheat,heading_flowering,233,18.6,65.9,12.1,41.2,0.73
central_irrigated,winter_wheat,heading_flowering,215,13.5,88.0,11.4,27.7,0.19
central_irrigated,winter_wheat,heading_flowering,240,20.1,79.7,19.3,32.2,0.53
central_irrigated,winter_wheat,heading_flowering,235,15.6,69.3,14.0,38.2,0.19
central_irrigated,winter_wheat,heading_flowering,205,14.2,78.9,4.4,31.4,0.49
central_irrigated,winter_wheat,heading_flowering,202,15.5,66.2,14.8,36.2,0.38
central_irrigated,winter_wheat,heading_flowering,193,13.1,69.7,14.4,35.6,0.18
central_irrigated,winter_wheat,ripening_maturity,252,19.6,63.9,14.9,44.2,0.51
central_irrigated,winter_wheat,ripening_maturity,257,20.1,71.7,14.7,44.3,0.53
central_irrigated,winter_wheat,ripening_maturity,249,18.7,82.5,14.4,37.7,0.7
central_irrigated,winter_wheat,ripening_maturity,254,25.3,89.0,15.2,34.4,0.97
central_irrigated,winter_wheat,ripening_maturity,244,22.9,83.6,19.3,39.2,1.0
central_irrigated,winter_wheat,ripening_maturity,263,25.4,76.2,6.9,35.1,0.55
central_irrigated,winter_wheat,ripening_maturity,232,15.8,86.7,13.9,36.8,0.27
central_irrigated,spring_barley,sowing,103,-2.0,58.1,2.3,17.6,0.22
central_irrigated,spring_barley,sowing,93,-3.6,58.9,2.4,16.7,0.14
central_irrigated,spring_barley,sowing,111,-0.4,81.1,6.7,14.4,0.18
central_irrigated,spring_barley,sowing,120,0.3,71.3,1.3,19.8,0.2
central_irrigated,spring_barley,sowing,114,-0.5,74.0,2.1,14.2,0.15
central_irrigated,spring_barley,sowing,98,-2.9,63.1,4.9,17.6,0.18
central_irrigated,spring_barley,sowing,112,-0.3,66.3,2.7,17.4,0.25
central_irrigated,spring_barley,emergence,140,3.0,83.4,6.5,18.8,0.21
central_irrigated,spring_barley,emergence,117,-0.4,59.9,4.0,15.5,0.17
central_irrigated,spring_barley,emergence,111,-0.7,70.6,3.5,19.9,0.2
central_irrigated,spring_barley,emergence,115,-0.1,86.1,12.0,17.5,0.18
central_irrigated,spring_barley,emergence,114,-0.2,60.9,11.6,19.4,0.12
central_irrigated,spring_barley,emergence,123,0.9,76.4,12.8,18.5,0.17
central_irrigated,spring_barley,emergence,125,1.2,59.4,17.6,16.4,0.11
central_irrigated,spring_barley,tillering,167,7.4,78.6,7.6,20.5,0.15
central_irrigated,spring_barley,tillering,141,4.5,57.9,15.1,22.5,0.16
central_irrigated,spring_barley,tillering,142,4.4,85.3,1.9,18.6,0.27
central_irrigated,spring_barley,tillering,159,5.1,61.1,3.5,19.5,0.2
central_irrigated,spring_barley,tillering,161,5.5,86.3,10.2,15.0,0.24
central_irrigated,spring_barley,tillering,143,3.3,64.2,2.2,22.4,0.22
central_irrigated,spring_barley,tillering,136,2.6,82.5,14.8,20.0,0.24
central_irrigated,spring_barley,tillering,150,5.2,75.1,13.2,19.6,0.28
central_irrigated,spring_barley,heading_flowering,202,12.1,63.8,21.9,28.4,0.26
central_irrigated,spring_barley,heading_flowering,236,17.8,73.9,6.5,30.2,0.38
central_irrigated,spring_barley,heading_flowering,222,19.7,78.3,9.7,23.2,0.34
central_irrigated,spring_barley,heading_flowering,214,14.3,64.5,7.5,33.4,0.59
central_irrigated,spring_barley,heading_flowering,221,15.3,79.9,13.2,21.2,0.58
central_irrigated,spring_barley,heading_flowering,210,17.7,72.3,22.4,33.0,0.5
central_irrigated,spring_barley,heading_flowering,240,19.9,89.1,18.8,21.5,0.39
central_irrigated,spring_barley,heading_flowering,239,21.3,86.2,23.5,24.1,0.47
central_irrigated,spring_barley,ripening_maturity,250,18.3,92.7,17.1,25.6,0.37
central_irrigated,spring_barley,ripening_maturity,244,16.6,81.6,22.7,22.5,0.44
central_irrigated,spring_barley,ripening_maturity,242,20.7,88.4,10.3,22.0,0.74
central_irrigated,spring_barley,ripening_maturity,258,19.6,83.9,17.6,28.6,0.35
central_irrigated,spring_barley,ripening_maturity,280,27.9,76.0,22.9,32.6,0.49
central_irrigated,spring_barley,ripening_maturity,265,27.6,73.3,25.0,31.7,0.86
central_irrigated,spring_barley,ripening_maturity,247,21.3,71.6,11.5,28.0,0.76
central_irrigated,spring_barley,ripening_maturity,257,21.0,73.5,18.5,35.8,0.67
central_irrigated,corn,sowing,112,-0.2,61.9,11.0,40.0,0.33
central_irrigated,corn,sowing,106,-1.3,74.1,7.0,30.8,0.15
central_irrigated,corn,sowing,101,-2.4,77.2,10.6,29.4,0.28
central_irrigated,corn,sowing,114,0.1,69.9,10.7,35.5,0.27
central_irrigated,corn,sowing,108,-0.7,80.5,10.1,29.1,0.16
central_irrigated,corn,sowing,118,0.5,75.2,2.6,42.3,0.29
central_irrigated,corn,sowing,97,-3.0,83.3,14.3,28.9,0.28
central_irrigated,corn,emergence,114,-0.1,64.9,6.8,32.5,0.12
central_irrigated,corn,emergence,122,0.4,79.8,11.2,35.2,0.18
central_irrigated,corn,emergence,119,0.2,82.7,8.9,30.0,0.23
central_irrigated,corn,emergence,134,3.0,81.6,7.4,30.8,0.12
central_irrigated,corn,emergence,129,2.6,68.0,15.2,40.8,0.27
central_irrigated,corn,emergence,125,1.7,77.9,11.6,43.2,0.14
central_irrigated,corn,emergence,130,3.3,64.8,8.8,35.5,0.2
central_irrigated,corn,tillering,159,6.6,88.4,19.0,34.3,0.14
central_irrigated,corn,tillering,143,5.8,66.6,7.5,54.8,0.27
central_irrigated,corn,tillering,152,6.1,86.6,16.3,41.0,0.28
central_irrigated,corn,tillering,169,8.3,66.8,11.2,40.5,0.14
central_irrigated,corn,tillering,163,8.6,81.7,15.3,37.6,0.19
central_irrigated,corn,tillering,161,8.3,81.2,9.6,46.6,0.25
central_irrigated,corn,tillering,134,3.6,58.6,7.6,33.7,0.14
central_irrigated,corn,heading_flowering,199,14.4,76.1,20.7,48.3,0.26
central_irrigated,corn,heading_flowering,212,12.9,70.2,4.4,61.0,0.33
central_irrigated,corn,heading_flowering,234,17.0,83.7,21.4,45.9,0.24
central_irrigated,corn,heading_flowering,216,15.7,79.7,24.6,61.3,0.61
central_irrigated,corn,heading_flowering,191,11.4,73.2,20.3,60.0,0.63
central_irrigated,corn,heading_flowering,200,12.9,78.8,17.1,58.3,0.34
central_irrigated,corn,heading_flowering,194,13.5,80.9,6.6,50.6,0.58
central_irrigated,corn,ripening_maturity,274,23.3,79.1,18.6,56.3,0.63
central_irrigated,corn,ripening_maturity,224,13.9,67.2,16.6,55.5,0.45
central_irrigated,corn,ripening_maturity,256,21.4,80.1,15.7,58.6,0.57
central_irrigated,corn,ripening_maturity,252,22.8,72.8,18.6,56.2,0.55
central_irrigated,corn,ripening_maturity,279,25.8,73.3,16.5,55.7,0.43
central_irrigated,corn,ripening_maturity,255,20.1,89.3,1.9,42.3,0.7
central_irrigated,corn,ripening_maturity,222,17.2,79.7,23.8,43.4,0.25
central_irrigated,oats,sowing,98,-2.8,58.8,10.9,15.3,0.18
central_irrigated,oats,sowing,120,1.4,80.9,14.7,12.4,0.19
central_irrigated,oats,sowing,109,-1.3,71.2,7.4,17.3,0.09
central_irrigated,oats,sowing,113,-0.4,84.2,2.2,13.4,0.18
central_irrigated,oats,sowing,108,-1.6,65.8,9.3,18.3,0.2
central_irrigated,oats,sowing,102,-2.0,71.6,6.9,13.4,0.2
central_irrigated,oats,tillering,148,5.2,73.7,9.3,16.4,0.09
central_irrigated,oats,tillering,132,1.8,85.0,8.9,15.6,0.13
central_irrigated,oats,tillering,135,3.4,67.5,3.2,17.7,0.08
central_irrigated,oats,tillering,151,6.3,79.3,10.3,20.6,0.15
central_irrigated,oats,tillering,166,6.8,68.2,1.8,21.3,0.11
central_irrigated,oats,tillering,158,7.7,68.4,5.7,18.0,0.19
central_irrigated,oats,tillering,167,7.2,82.2,9.7,16.3,0.1
central_irrigated,oats,tillering,146,3.5,66.8,6.2,15.9,0.12
central_irrigated,oats,booting,185,11.9,82.8,5.8,16.3,0.39
central_irrigated,oats,booting,197,14.7,85.1,22.0,23.3,0.34
central_irrigated,oats,booting,163,8.8,71.0,5.4,20.9,0.16
central_irrigated,oats,booting,177,10.1,72.9,15.0,22.1,0.16
central_irrigated,oats,booting,162,9.0,61.7,6.2,21.4,0.2
central_irrigated,oats,booting,167,6.4,64.4,16.4,20.5,0.21
central_irrigated,oats,booting,166,7.4,66.9,8.0,22.6,0.13
central_irrigated,oats,heading_flowering,213,12.8,85.6,9.8,20.6,0.37
central_irrigated,oats,heading_flowering,207,15.2,76.1,24.0,22.7,0.17
central_irrigated,oats,heading_flowering,237,22.4,78.6,4.5,24.4,0.73
central_irrigated,oats,heading_flowering,195,11.5,74.4,16.0,21.8,0.4
central_irrigated,oats,heading_flowering,192,9.7,90.3,17.6,19.4,0.17
central_irrigated,oats,heading_flowering,205,13.6,77.9,6.3,24.5,0.24
central_irrigated,oats,heading_flowering,198,15.0,65.6,20.2,27.6,0.31
central_irrigated,oats,ripening_maturity,221,18.8,85.6,15.2,24.8,0.31
central_irrigated,oats,ripening_maturity,266,19.9,87.6,14.8,22.8,0.52
central_irrigated,oats,ripening_maturity,246,23.7,72.1,1.3,24.8,0.49
central_irrigated,oats,ripening_maturity,220,17.3,63.3,22.3,30.1,0.35
central_irrigated,oats,ripening_maturity,269,24.7,92.9,29.1,18.3,0.74
central_irrigated,oats,ripening_maturity,241,18.1,85.9,15.0,18.6,0.46
central_irrigated,oats,ripening_maturity,238,20.8,71.6,15.4,25.2,0.3
central_irrigated,rye,sowing,92,-3.7,59.4,12.8,11.8,0.1
central_irrigated,rye,sowing,91,-3.8,67.1,14.4,16.8,0.11
central_irrigated,rye,sowing,117,0.3,58.2,5.4,19.7,0.12
central_irrigated,rye,sowing,114,-0.5,65.2,5.7,19.1,0.1
central_irrigated,rye,sowing,111,-1.1,69.8,7.0,17.8,0.08
central_irrigated,rye,sowing,119,0.5,57.9,16.8,18.4,0.12
central_irrigated,rye,tillering,139,3.4,83.7,12.8,15.3,0.17
central_irrigated,rye,tillering,150,5.3,71.6,9.6,18.0,0.17
central_irrigated,rye,tillering,133,2.3,82.3,6.5,17.5,0.09
central_irrigated,rye,tillering,162,6.3,86.3,17.0,20.6,0.19
central_irrigated,rye,tillering,138,3.3,78.2,12.9,15.0,0.07
central_irrigated,rye,tillering,164,6.2,61.4,1.1,20.5,0.14
central_irrigated,rye,tillering,165,7.8,60.2,7.9,19.0,0.16
central_irrigated,rye,booting,164,8.0,65.2,2.5,22.7,0.16
central_irrigated,rye,booting,173,9.6,68.0,4.3,23.8,0.14
central_irrigated,rye,booting,177,10.6,78.3,4.9,21.2,0.34
central_irrigated,rye,booting,176,8.3,67.2,11.2,27.0,0.19
central_irrigated,rye,booting,185,10.8,86.7,3.0,23.2,0.41
central_irrigated,rye,booting,182,12.8,64.5,5.8,23.1,0.15
central_irrigated,rye,booting,170,9.2,82.4,1.7,20.4,0.1
central_irrigated,rye,heading_flowering,221,15.2,85.5,4.9,18.0,0.25
central_irrigated,rye,heading_flowering,239,20.6,82.2,22.3,21.7,0.56
central_irrigated,rye,heading_flowering,194,14.0,86.9,19.6,21.7,0.21
central_irrigated,rye,heading_flowering,219,15.5,72.0,16.0,29.9,0.28
central_irrigated,rye,heading_flowering,204,13.4,64.1,2.4,21.5,0.25
central_irrigated,rye,heading_flowering,211,16.5,66.1,6.9,24.3,0.41
central_irrigated,rye,heading_flowering,205,14.4,65.4,4.1,31.8,0.37
central_irrigated,rye,ripening_maturity,243,20.2,76.7,21.0,29.0,0.53
central_irrigated,rye,ripening_maturity,225,19.0,74.0,7.5,26.0,0.42
central_irrigated,rye,ripening_maturity,229,16.1,74.3,1.5,28.4,0.19
central_irrigated,rye,ripening_maturity,253,21.7,74.3,23.2,23.3,0.31
central_irrigated,rye,ripening_maturity,258,24.6,84.8,7.7,28.3,0.34
central_irrigated,rye,ripening_maturity,220,18.9,83.0,8.0,21.3,0.6
central_irrigated,rye,ripening_maturity,279,25.3,67.1,12.3,32.1,0.37
central_irrigated,rye,ripening_maturity,254,24.5,76.4,7.3,32.3,0.82
central_irrigated,millet,sowing,94,-3.3,64.1,14.1,8.9,0.16
central_irrigated,millet,sowing,95,-3.3,68.4,1.3,9.5,0.13
central_irrigated,millet,sowing,118,0.6,62.5,5.7,9.6,0.09
central_irrigated,millet,sowing,99,-2.5,83.1,6.5,9.7,0.18
central_irrigated,millet,sowing,92,-3.7,71.9,4.6,8.2,0.07
central_irrigated,millet,sowing,111,-1.1,57.8,7.5,10.3,0.11
central_irrigated,millet,sowing,108,-1.2,76.9,7.0,8.2,0.11
central_irrigated,millet,emergence,122,0.3,66.1,14.5,11.4,0.12
central_irrigated,millet,emergence,127,1.7,64.6,1.2,10.8,0.08
central_irrigated,millet,emergence,112,-0.6,81.6,7.7,9.3,0.09
central_irrigated,millet,emergence,113,-0.8,68.2,4.3,9.3,0.13
central_irrigated,millet,emergence,133,3.5,67.6,4.0,9.8,0.12
central_irrigated,millet,emergence,119,0.6,60.8,4.5,11.6,0.12
central_irrigated,millet,emergence,135,3.1,72.3,4.8,10.5,0.08
central_irrigated,millet,tillering,140,4.7,61.6,10.3,14.0,0.1
central_irrigated,millet,tillering,134,4.0,81.9,4.6,9.3,0.08
central_irrigated,millet,tillering,141,3.4,82.9,6.7,11.7,0.12
central_irrigated,millet,tillering,145,5.2,58.4,6.7,13.1,0.06
central_irrigated,millet,tillering,133,2.7,72.8,15.5,12.0,0.11
central_irrigated,millet,tillering,143,3.8,58.9,18.0,11.2,0.08
central_irrigated,millet,tillering,164,8.8,76.2,20.5,11.8,0.07
central_irrigated,millet,tillering,146,4.0,75.2,18.0,9.9,0.18
central_irrigated,millet,heading_flowering,230,19.8,73.0,21.6,14.4,0.47
central_irrigated,millet,heading_flowering,228,15.5,85.2,9.4,12.1,0.23
central_irrigated,millet,heading_flowering,208,14.8,76.6,7.0,12.3,0.23
central_irrigated,millet,heading_flowering,225,16.4,73.9,18.2,19.0,0.26
central_irrigated,millet,heading_flowering,209,14.9,61.7,7.2,16.7,0.27
central_irrigated,millet,heading_flowering,190,14.1,70.1,4.0,14.3,0.32
central_irrigated,millet,heading_flowering,213,13.0,81.7,14.3,15.2,0.31
central_irrigated,millet,ripening_maturity,261,23.8,64.5,8.1,20.4,0.13
central_irrigated,millet,ripening_maturity,251,23.8,92.2,19.6,14.6,0.48
central_irrigated,millet,ripening_maturity,223,15.4,81.5,18.7,16.6,0.24
central_irrigated,millet,ripening_maturity,266,23.7,88.0,14.3,15.1,0.64
central_irrigated,millet,ripening_maturity,267,19.4,71.8,21.1,18.4,0.53
central_irrigated,millet,ripening_maturity,255,17.8,90.4,7.6,14.9,0.33
central_irrigated,millet,ripening_maturity,270,27.1,76.7,24.2,17.0,0.64
central_irrigated,millet,ripening_maturity,272,28.1,75.6,17.8,15.7,0.57
central_irrigated,sorghum,sowing,98,-2.7,84.8,11.7,10.7,0.13
central_irrigated,sorghum,sowing,96,-2.9,60.6,5.1,12.1,0.11
central_irrigated,sorghum,sowing,111,-0.6,58.8,1.9,12.2,0.18
central_irrigated,sorghum,sowing,91,-3.8,79.7,8.9,12.2,0.11
central_irrigated,sorghum,sowing,108,-1.0,82.7,13.4,9.7,0.12
central_irrigated,sorghum,sowing,118,-0.0,86.2,14.0,12.1,0.19
central_irrigated,sorghum,emergence,122,1.4,77.1,14.7,10.6,0.08
central_irrigated,sorghum,emergence,124,1.3,69.1,16.5,13.2,0.22
central_irrigated,sorghum,emergence,134,1.8,62.4,1.5,13.5,0.21
central_irrigated,sorghum,emergence,115,0.3,70.5,3.4,12.1,0.22
central_irrigated,sorghum,emergence,137,2.3,70.5,5.9,16.4,0.17
central_irrigated,sorghum,emergence,138,3.9,64.6,11.3,16.8,0.18
central_irrigated,sorghum,emergence,125,2.3,81.5,2.7,11.3,0.08
central_irrigated,sorghum,emergence,140,3.6,81.2,12.1,11.0,0.2
central_irrigated,sorghum,tillering,143,5.6,59.4,1.2,16.9,0.12
central_irrigated,sorghum,tillering,144,4.3,61.9,17.7,15.5,0.16
central_irrigated,sorghum,tillering,159,7.5,70.2,5.9,14.6,0.13
central_irrigated,sorghum,tillering,139,4.4,77.6,5.2,14.7,0.16
central_irrigated,sorghum,tillering,135,4.0,57.4,7.4,16.2,0.16
central_irrigated,sorghum,tillering,131,3.0,61.2,2.1,17.8,0.22
central_irrigated,sorghum,tillering,168,9.3,84.4,10.5,14.4,0.13
central_irrigated,sorghum,tillering,152,4.6,75.6,13.6,14.2,0.22
central_irrigated,sorghum,heading_flowering,237,17.0,77.1,18.3,18.4,0.17
central_irrigated,sorghum,heading_flowering,224,15.9,76.2,21.1,16.6,0.41
central_irrigated,sorghum,heading_flowering,213,16.8,74.5,6.9,21.8,0.37
central_irrigated,sorghum,heading_flowering,239,17.0,81.1,13.3,21.6,0.16
central_irrigated,sorghum,heading_flowering,206,13.5,62.7,18.7,21.9,0.33
central_irrigated,sorghum,heading_flowering,235,17.6,77.7,1.4,16.0,0.22
central_irrigated,sorghum,heading_flowering,210,17.9,79.4,18.6,23.1,0.33
central_irrigated,sorghum,heading_flowering,223,13.7,83.1,7.8,17.6,0.21
central_irrigated,sorghum,ripening_maturity,251,17.2,93.0,24.4,18.8,0.35
central_irrigated,sorghum,ripening_maturity,247,18.4,72.6,21.3,24.6,0.46
central_irrigated,sorghum,ripening_maturity,236,16.3,69.4,15.2,23.4,0.34
central_irrigated,sorghum,ripening_maturity,227,16.7,63.0,17.0,25.3,0.42
central_irrigated,sorghum,ripening_maturity,270,28.2,76.8,15.8,19.1,0.57
central_irrigated,sorghum,ripening_maturity,267,26.9,91.8,16.0,18.0,0.37
central_irrigated,sorghum,ripening_maturity,269,21.7,68.9,19.4,25.6,0.56
central_irrigated,sorghum,ripening_maturity,221,19.4,86.4,25.1,16.3,0.26
central_irrigated,peas,sowing,93,-3.5,63.4,3.9,10.4,0.14
central_irrigated,peas,sowing,90,-4.0,55.6,5.9,10.4,0.32
central_irrigated,peas,sowing,111,-0.6,77.6,7.5,11.6,0.18
central_irrigated,peas,sowing,97,-3.0,65.8,8.1,13.0,0.37
central_irrigated,peas,sowing,120,0.9,78.2,4.9,9.6,0.37
central_irrigated,peas,sowing,91,-3.8,67.3,4.0,10.3,0.21
central_irrigated,peas,sowing,112,-1.1,74.9,5.0,11.4,0.31
central_irrigated,peas,emergence,136,2.3,80.0,1.4,10.2,0.35
central_irrigated,peas,emergence,133,1.7,83.1,3.5,12.1,0.13
central_irrigated,peas,emergence,118,0.7,86.3,4.8,10.4,0.24
central_irrigated,peas,emergence,113,-0.4,75.0,14.1,11.7,0.14
central_irrigated,peas,emergence,123,1.9,83.4,15.2,12.2,0.25
central_irrigated,peas,emergence,116,-0.3,64.8,1.9,13.6,0.23
central_irrigated,peas,emergence,137,3.1,70.5,3.3,12.7,0.33
central_irrigated,peas,tillering,147,4.9,69.7,17.9,11.7,0.23
central_irrigated,peas,tillering,130,2.2,83.3,8.9,8.8,0.18
central_irrigated,peas,tillering,169,7.8,63.6,3.0,12.5,0.23
central_irrigated,peas,tillering,142,4.6,66.8,1.3,16.3,0.18
central_irrigated,peas,tillering,150,6.0,65.5,14.4,15.5,0.18
central_irrigated,peas,tillering,134,4.0,79.0,12.3,13.2,0.24
central_irrigated,peas,heading_flowering,212,17.5,81.8,22.2,19.3,0.74
central_irrigated,peas,heading_flowering,218,17.0,71.2,14.1,15.5,0.59
central_irrigated,peas,heading_flowering,192,10.7,86.6,20.1,14.0,0.49
central_irrigated,peas,heading_flowering,238,21.6,68.6,7.7,21.1,0.62
central_irrigated,peas,heading_flowering,216,16.9,75.2,24.2,14.8,0.42
central_irrigated,peas,heading_flowering,190,9.2,71.2,7.0,15.4,0.21
central_irrigated,peas,heading_flowering,208,13.2,90.2,4.7,15.1,0.74
central_irrigated,peas,heading_flowering,191,13.0,67.9,1.9,16.8,0.72
central_irrigated,peas,ripening_maturity,232,19.8,82.5,24.8,19.6,0.41
central_irrigated,peas,ripening_maturity,256,21.3,73.0,13.2,19.0,0.7
central_irrigated,peas,ripening_maturity,224,18.7,77.0,2.0,18.7,0.41
central_irrigated,peas,ripening_maturity,240,18.6,75.8,11.6,17.4,1.0
central_irrigated,peas,ripening_maturity,239,20.8,92.6,19.4,13.5,1.0
central_irrigated,peas,ripening_maturity,233,15.9,78.2,1.2,15.5,0.59
central_irrigated,peas,ripening_maturity,221,18.9,85.4,14.2,14.2,0.56
central_irrigated,chickpeas,sowing,104,-1.5,80.4,2.9,9.7,0.17
central_irrigated,chickpeas,sowing,107,-1.5,84.5,1.8,8.3,0.23
central_irrigated,chickpeas,sowing,103,-1.6,56.5,4.0,7.8,0.21
central_irrigated,chickpeas,sowing,114,-0.2,82.4,12.3,8.5,0.13
central_irrigated,chickpeas,sowing,91,-3.9,59.5,13.9,9.8,0.29
central_irrigated,chickpeas,sowing,112,-0.1,60.0,9.9,8.2,0.27
central_irrigated,chickpeas,emergence,126,1.6,71.5,16.6,10.0,0.22
central_irrigated,chickpeas,emergence,114,0.2,67.6,2.6,10.4,0.31
central_irrigated,chickpeas,emergence,133,1.8,80.6,7.7,8.4,0.21
central_irrigated,chickpeas,emergence,137,3.1,75.5,11.7,9.5,0.32
central_irrigated,chickpeas,emergence,113,0.0,79.5,13.5,9.3,0.17
central_irrigated,chickpeas,emergence,118,0.2,57.1,14.4,8.0,0.18
central_irrigated,chickpeas,tillering,161,6.3,73.7,16.9,11.1,0.33
central_irrigated,chickpeas,tillering,163,8.5,74.0,13.8,12.0,0.22
central_irrigated,chickpeas,tillering,162,9.1,77.1,8.9,12.4,0.2
central_irrigated,chickpeas,tillering,147,4.3,75.7,12.3,8.9,0.29
central_irrigated,chickpeas,tillering,149,6.7,60.3,6.5,10.4,0.24
central_irrigated,chickpeas,tillering,157,5.1,71.1,11.8,9.8,0.21
central_irrigated,chickpeas,tillering,165,8.8,65.1,6.8,12.4,0.28
central_irrigated,chickpeas,tillering,168,6.7,84.2,4.1,8.4,0.26
central_irrigated,chickpeas,heading_flowering,200,16.2,80.6,17.6,12.8,0.42
central_irrigated,chickpeas,heading_flowering,225,16.2,82.9,19.7,14.9,0.66
central_irrigated,chickpeas,heading_flowering,197,11.6,68.3,14.8,16.2,0.25
central_irrigated,chickpeas,heading_flowering,211,16.6,89.9,20.7,14.0,0.59
central_irrigated,chickpeas,heading_flowering,223,15.4,66.3,15.2,13.4,0.42
central_irrigated,chickpeas,heading_flowering,226,17.7,91.4,23.5,10.5,0.39
central_irrigated,chickpeas,heading_flowering,236,16.6,65.8,2.3,15.5,0.51
central_irrigated,chickpeas,heading_flowering,235,21.2,66.6,19.2,17.0,0.54
central_irrigated,chickpeas,ripening_maturity,247,20.8,92.0,20.4,14.1,0.68
central_irrigated,chickpeas,ripening_maturity,261,23.3,68.2,1.7,19.0,0.74
central_irrigated,chickpeas,ripening_maturity,222,17.6,66.9,13.9,16.7,0.36
central_irrigated,chickpeas,ripening_maturity,278,28.6,71.4,2.9,14.8,0.38
central_irrigated,chickpeas,ripening_maturity,228,17.3,75.9,13.8,15.8,0.35
central_irrigated,chickpeas,ripening_maturity,274,28.0,69.7,20.9,16.8,0.56
central_irrigated,chickpeas,ripening_maturity,224,18.0,78.4,19.2,15.5,0.47
central_irrigated,sunflower,sowing,95,-3.1,58.0,2.8,10.5,0.27
central_irrigated,sunflower,sowing,119,-0.1,83.3,1.5,10.0,0.25
central_irrigated,sunflower,sowing,104,-1.9,64.8,13.0,9.7,0.1
central_irrigated,sunflower,sowing,109,-1.2,65.6,11.2,11.2,0.2
central_irrigated,sunflower,sowing,108,-1.5,69.0,7.2,10.5,0.22
central_irrigated,sunflower,sowing,96,-3.2,66.7,11.3,7.9,0.21
central_irrigated,sunflower,sowing,107,-1.7,84.6,2.4,7.5,0.11
central_irrigated,sunflower,emergence,118,0.5,72.8,7.4,9.7,0.15
central_irrigated,sunflower,emergence,133,3.1,82.9,6.0,8.9,0.18
central_irrigated,sunflower,emergence,117,0.2,73.0,9.5,9.6,0.12
central_irrigated,sunflower,emergence,115,-0.4,82.7,8.7,9.3,0.22
central_irrigated,sunflower,emergence,135,2.5,83.2,13.3,10.2,0.22
central_irrigated,sunflower,emergence,111,-1.2,73.0,4.3,11.6,0.17
central_irrigated,sunflower,emergence,127,1.7,63.2,12.0,13.4,0.25
central_irrigated,sunflower,tillering,158,8.1,66.3,19.0,14.8,0.26
central_irrigated,sunflower,tillering,153,5.0,85.7,18.7,10.5,0.1
central_irrigated,sunflower,tillering,155,6.7,85.5,19.4,11.7,0.27
central_irrigated,sunflower,tillering,151,4.2,72.9,11.9,12.4,0.18
central_irrigated,sunflower,tillering,145,4.3,68.8,18.6,12.2,0.25
central_irrigated,sunflower,tillering,170,9.7,64.2,9.5,14.9,0.15
central_irrigated,sunflower,tillering,157,5.8,79.2,10.1,11.4,0.3
central_irrigated,sunflower,tillering,163,7.0,68.4,18.7,13.5,0.22
central_irrigated,sunflower,heading_flowering,204,14.2,74.4,14.0,15.1,0.22
central_irrigated,sunflower,heading_flowering,203,13.5,78.6,4.2,11.5,0.3
central_irrigated,sunflower,heading_flowering,198,12.6,74.5,6.8,16.0,0.23
central_irrigated,sunflower,heading_flowering,196,13.3,61.0,8.9,13.6,0.57
central_irrigated,sunflower,heading_flowering,237,17.6,76.4,2.8,18.1,0.3
central_irrigated,sunflower,heading_flowering,231,15.5,69.2,21.4,19.2,0.23
central_irrigated,sunflower,heading_flowering,221,16.5,83.7,10.0,12.6,0.38
central_irrigated,sunflower,ripening_maturity,220,14.9,63.8,10.0,19.2,0.33
central_irrigated,sunflower,ripening_maturity,254,23.3,67.1,16.0,17.4,0.86
central_irrigated,sunflower,ripening_maturity,269,28.0,71.7,10.9,19.4,0.65
central_irrigated,sunflower,ripening_maturity,234,16.8,82.9,6.9,14.8,0.56
central_irrigated,sunflower,ripening_maturity,278,29.2,69.9,22.1,16.4,0.89
central_irrigated,sunflower,ripening_maturity,226,16.5,87.7,19.7,14.4,0.35
central_irrigated,sunflower,ripening_maturity,270,24.3,88.0,5.1,14.6,0.72
central_irrigated,sunflower,ripening_maturity,246,22.9,70.1,14.9,18.3,0.65
central_irrigated,sugar_beet,sowing,101,-2.1,60.8,8.7,157.1,0.21
central_irrigated,sugar_beet,sowing,102,-2.3,63.4,10.7,149.9,0.25
central_irrigated,sugar_beet,sowing,91,-3.8,69.2,10.8,158.0,0.12
central_irrigated,sugar_beet,sowing,119,0.2,76.6,14.1,151.1,0.16
central_irrigated,sugar_beet,sowing,103,-1.6,70.8,14.8,188.5,0.21
central_irrigated,sugar_beet,sowing,99,-2.5,62.4,14.2,199.1,0.18
central_irrigated,sugar_beet,emergence,118,0.2,81.1,3.1,144.0,0.15
central_irrigated,sugar_beet,emergence,139,3.1,58.1,13.5,214.4,0.16
central_irrigated,sugar_beet,emergence,125,2.0,74.7,11.8,209.2,0.11
central_irrigated,sugar_beet,emergence,131,1.9,85.6,12.0,143.3,0.21
central_irrigated,sugar_beet,emergence,129,2.5,61.1,8.0,172.9,0.23
central_irrigated,sugar_beet,emergence,135,3.1,58.1,17.2,231.2,0.18
central_irrigated,sugar_beet,emergence,123,0.7,58.5,17.0,191.5,0.23
central_irrigated,sugar_beet,tillering,138,3.8,84.2,12.6,178.1,0.24
central_irrigated,sugar_beet,tillering,130,2.9,72.8,10.4,167.3,0.11
central_irrigated,sugar_beet,tillering,136,4.2,85.6,1.9,179.0,0.15
central_irrigated,sugar_beet,tillering,165,9.1,77.1,19.9,213.6,0.11
central_irrigated,sugar_beet,tillering,146,4.6,82.5,4.6,166.1,0.2
central_irrigated,sugar_beet,tillering,145,4.6,79.7,19.3,232.8,0.22
central_irrigated,sugar_beet,tillering,134,2.5,70.8,10.5,169.0,0.25
central_irrigated,sugar_beet,ripening_maturity,270,20.2,73.0,24.1,258.2,0.71
central_irrigated,sugar_beet,ripening_maturity,249,22.7,88.7,13.8,266.6,0.56
central_irrigated,sugar_beet,ripening_maturity,229,15.9,66.2,8.8,305.4,0.38
central_irrigated,sugar_beet,ripening_maturity,242,22.3,77.8,8.8,262.2,0.8
central_irrigated,sugar_beet,ripening_maturity,272,28.0,71.5,1.2,305.4,0.37
central_irrigated,sugar_beet,ripening_maturity,237,20.1,78.8,2.5,241.6,0.8
central_irrigated,sugar_beet,ripening_maturity,234,20.4,80.4,9.2,232.2,0.88
central_irrigated,soybeans,sowing,106,-1.8,83.5,13.3,6.9,0.16
central_irrigated,soybeans,sowing,110,-0.7,81.8,8.5,6.6,0.16
central_irrigated,soybeans,sowing,98,-2.8,65.0,6.0,9.7,0.12
central_irrigated,soybeans,sowing,92,-3.6,84.6,6.0,6.4,0.22
central_irrigated,soybeans,sowing,109,-1.4,82.2,14.3,7.6,0.25
central_irrigated,soybeans,sowing,103,-1.7,75.5,6.9,9.3,0.29
central_irrigated,soybeans,sowing,100,-2.2,60.5,3.2,9.1,0.24
central_irrigated,soybeans,emergence,135,3.0,85.5,13.9,8.7,0.22
central_irrigated,soybeans,emergence,115,0.3,73.1,5.8,9.0,0.25
central_irrigated,soybeans,emergence,133,1.7,58.6,16.1,10.7,0.24
central_irrigated,soybeans,emergence,136,3.7,62.7,11.5,12.6,0.26
central_irrigated,soybeans,emergence,128,2.4,64.7,10.6,11.1,0.13
central_irrigated,soybeans,emergence,119,0.6,63.2,9.9,8.7,0.29
central_irrigated,soybeans,emergence,139,4.2,68.3,10.2,12.0,0.31
central_irrigated,soybeans,tillering,144,4.4,83.7,10.5,8.3,0.29
central_irrigated,soybeans,tillering,142,5.5,78.8,1.8,12.1,0.21
central_irrigated,soybeans,tillering,150,4.0,83.4,9.7,7.9,0.25
central_irrigated,soybeans,tillering,130,1.3,69.6,13.5,11.3,0.3
central_irrigated,soybeans,tillering,151,6.1,74.1,2.3,13.2,0.29
central_irrigated,soybeans,tillering,170,8.1,80.6,1.8,10.5,0.19
central_irrigated,soybeans,tillering,137,4.1,80.0,10.6,11.3,0.13
central_irrigated,soybeans,tillering,139,3.6,70.2,5.5,10.2,0.13
central_irrigated,soybeans,heading_flowering,196,10.4,86.4,19.2,8.8,0.25
central_irrigated,soybeans,heading_flowering,214,12.9,70.6,6.3,14.2,0.36
central_irrigated,soybeans,heading_flowering,233,17.6,63.9,8.6,16.4,0.38
central_irrigated,soybeans,heading_flowering,198,12.4,73.9,11.6,14.7,0.25
central_irrigated,soybeans,heading_flowering,212,16.2,90.0,19.8,9.7,0.35
central_irrigated,soybeans,heading_flowering,192,12.3,89.1,14.0,8.9,0.24
central_irrigated,soybeans,heading_flowering,193,11.0,86.7,18.0,10.4,0.52
central_irrigated,soybeans,ripening_maturity,234,18.1,81.6,1.6,16.0,0.64
central_irrigated,soybeans,ripening_maturity,278,22.8,65.8,13.5,18.1,0.87
central_irrigated,soybeans,ripening_maturity,263,22.4,92.2,27.3,11.0,1.0
central_irrigated,soybeans,ripening_maturity,231,17.3,81.4,1.5,14.8,0.56
central_irrigated,soybeans,ripening_maturity,220,19.3,77.1,11.0,17.2,0.78
central_irrigated,soybeans,ripening_maturity,261,24.6,80.9,5.5,13.3,1.0
central_irrigated,soybeans,ripening_maturity,275,23.9,88.3,4.5,11.2,0.59
central_irrigated,soybeans,ripening_maturity,233,15.0,82.6,12.9,12.0,0.57
central_irrigated,flax,sowing,104,-2.0,78.4,1.7,6.4,0.09
central_irrigated,flax,sowing,120,0.3,58.5,11.2,6.1,0.19
central_irrigated,flax,sowing,112,-0.0,77.0,15.8,6.0,0.18
central_irrigated,flax,sowing,96,-3.0,75.5,15.3,4.5,0.19
central_irrigated,flax,sowing,111,-0.5,78.4,14.1,5.4,0.09
central_irrigated,flax,emergence,124,1.4,75.4,14.7,7.0,0.25
central_irrigated,flax,emergence,114,0.3,79.6,4.6,4.7,0.15
central_irrigated,flax,emergence,130,1.6,58.3,5.7,7.5,0.13
central_irrigated,flax,emergence,126,1.6,76.9,8.2,6.1,0.09
central_irrigated,flax,emergence,127,1.1,71.8,12.8,5.9,0.13
central_irrigated,flax,emergence,117,0.9,64.4,8.1,7.7,0.18
central_irrigated,flax,emergence,116,0.6,73.1,1.5,6.2,0.16
central_irrigated,flax,tillering,151,5.5,66.6,5.3,9.1,0.11
central_irrigated,flax,tillering,148,5.7,64.9,6.9,9.6,0.14
central_irrigated,flax,tillering,135,3.3,86.5,18.3,6.1,0.08
central_irrigated,flax,tillering,159,7.1,69.6,17.1,7.7,0.09
central_irrigated,flax,tillering,137,2.9,75.8,8.8,7.2,0.23
central_irrigated,flax,tillering,156,5.8,77.6,17.9,7.2,0.21
central_irrigated,flax,tillering,145,4.9,61.3,3.5,7.0,0.13
central_irrigated,flax,tillering,144,3.8,80.8,2.3,5.5,0.2
central_irrigated,flax,heading_flowering,204,14.7,67.8,21.8,9.9,0.24
central_irrigated,flax,heading_flowering,207,11.7,61.5,11.6,7.8,0.38
central_irrigated,flax,heading_flowering,190,11.0,63.8,1.9,10.1,0.38
central_irrigated,flax,heading_flowering,203,11.2,89.6,4.3,7.7,0.19
central_irrigated,flax,heading_flowering,221,18.3,70.8,2.4,9.0,0.66
central_irrigated,flax,heading_flowering,224,17.9,75.7,9.8,11.6,0.36
central_irrigated,flax,heading_flowering,239,15.7,83.4,1.5,9.3,0.37
central_irrigated,flax,ripening_maturity,278,21.9,90.0,1.8,10.2,0.42
central_irrigated,flax,ripening_maturity,248,24.5,73.5,14.3,10.3,0.33
central_irrigated,flax,ripening_maturity,237,22.0,74.8,11.2,9.4,0.44
central_irrigated,flax,ripening_maturity,231,20.5,77.2,3.9,10.0,0.89
central_irrigated,flax,ripening_maturity,280,29.6,76.8,1.1,8.2,0.72
central_irrigated,flax,ripening_maturity,227,14.2,66.0,20.4,11.9,0.27
central_irrigated,flax,ripening_maturity,277,28.2,77.7,22.8,8.7,0.49
central_irrigated,flax,ripening_maturity,266,20.0,81.0,8.1,8.3,0.36
central_irrigated,mustard,sowing,105,-1.8,79.7,7.6,5.2,0.13
central_irrigated,mustard,sowing,103,-1.7,76.9,14.0,4.4,0.11
central_irrigated,mustard,sowing,99,-2.5,76.1,5.2,4.5,0.08
central_irrigated,mustard,sowing,93,-3.5,84.6,6.1,4.1,0.11
central_irrigated,mustard,sowing,102,-2.0,79.3,4.8,4.9,0.17
central_irrigated,mustard,sowing,116,0.6,74.1,4.1,5.4,0.14
central_irrigated,mustard,sowing,109,-1.2,79.7,2.5,5.2,0.16
central_irrigated,mustard,emergence,122,0.7,84.5,7.2,5.1,0.14
central_irrigated,mustard,emergence,124,1.8,64.5,8.4,6.4,0.08
central_irrigated,mustard,emergence,117,-0.3,76.6,1.1,4.8,0.1
central_irrigated,mustard,emergence,129,2.8,61.0,17.4,6.2,0.19
central_irrigated,mustard,emergence,140,5.0,84.3,15.1,4.9,0.15
central_irrigated,mustard,emergence,111,-0.2,75.1,9.7,5.4,0.13
central_irrigated,mustard,emergence,133,1.7,83.1,4.0,5.1,0.07
central_irrigated,mustard,emergence,114,-0.3,75.7,6.8,4.4,0.14
central_irrigated,mustard,tillering,142,5.2,64.9,2.5,7.0,0.12
central_irrigated,mustard,tillering,160,5.3,62.7,14.4,5.8,0.19
central_irrigated,mustard,tillering,132,1.9,81.9,10.4,4.4,0.13
central_irrigated,mustard,tillering,146,5.5,67.4,16.3,6.8,0.12
central_irrigated,mustard,tillering,140,4.0,84.3,13.1,4.6,0.15
central_irrigated,mustard,tillering,149,5.3,86.3,6.5,5.1,0.18
central_irrigated,mustard,tillering,139,3.3,86.5,9.8,4.2,0.13
central_irrigated,mustard,tillering,150,4.9,84.7,13.7,4.9,0.15
central_irrigated,mustard,heading_flowering,191,14.2,71.2,9.7,6.9,0.25
central_irrigated,mustard,heading_flowering,196,10.7,81.9,20.1,6.9,0.15
central_irrigated,mustard,heading_flowering,237,21.6,84.1,10.4,7.5,0.42
central_irrigated,mustard,heading_flowering,204,16.8,67.0,3.2,7.4,0.36
central_irrigated,mustard,heading_flowering,221,14.8,72.5,16.7,8.1,0.35
central_irrigated,mustard,heading_flowering,215,15.4,64.6,2.7,8.5,0.22
central_irrigated,mustard,heading_flowering,214,15.6,89.9,14.0,7.7,0.19
central_irrigated,mustard,ripening_maturity,258,25.6,77.8,21.7,8.2,0.4
central_irrigated,mustard,ripening_maturity,272,24.6,74.1,10.5,8.1,0.26
central_irrigated,mustard,ripening_maturity,250,20.7,87.7,8.0,6.0,0.56
central_irrigated,mustard,ripening_maturity,234,21.7,86.8,14.2,8.5,0.49
central_irrigated,mustard,ripening_maturity,279,28.6,69.5,19.7,9.7,0.5
central_irrigated,mustard,ripening_maturity,233,18.5,77.6,1.6,7.7,0.52
central_irrigated,mustard,ripening_maturity,269,25.8,76.8,2.3,9.1,0.66
central_irrigated,mustard,ripening_maturity,248,24.8,72.9,13.7,9.8,0.53
central_irrigated,potatoes,sowing,100,-2.4,59.4,4.2,128.4,0.24
central_irrigated,potatoes,sowing,97,-3.0,57.0,11.2,133.0,0.31
central_irrigated,potatoes,sowing,108,-1.5,56.9,6.9,141.4,0.2
central_irrigated,potatoes,sowing,94,-3.3,66.1,4.1,143.1,0.22
central_irrigated,potatoes,sowing,120,0.9,73.8,8.5,120.0,0.27
central_irrigated,potatoes,sowing,117,0.1,84.3,15.7,123.2,0.38
central_irrigated,potatoes,sowing,90,-4.0,80.7,10.7,112.0,0.37
central_irrigated,potatoes,emergence,110,-0.3,80.7,7.8,127.4,0.21
central_irrigated,potatoes,emergence,124,1.2,72.6,12.3,123.4,0.21
central_irrigated,potatoes,emergence,128,2.2,59.2,4.0,164.4,0.3
central_irrigated,potatoes,emergence,140,3.0,71.3,15.6,138.3,0.29
central_irrigated,potatoes,emergence,137,3.7,81.3,14.8,125.0,0.3
central_irrigated,potatoes,emergence,129,3.1,59.4,1.5,169.3,0.34
central_irrigated,potatoes,emergence,134,3.9,58.4,4.8,137.6,0.31
central_irrigated,potatoes,emergence,111,-0.8,58.5,14.9,111.8,0.34
central_irrigated,potatoes,tillering,150,6.9,72.1,2.1,177.0,0.23
central_irrigated,potatoes,tillering,155,5.5,75.5,15.8,175.6,0.21
central_irrigated,potatoes,tillering,168,7.0,62.6,4.6,202.9,0.29
central_irrigated,potatoes,tillering,164,7.7,62.1,7.9,148.9,0.31
central_irrigated,potatoes,tillering,133,3.9,68.5,11.4,175.9,0.17
central_irrigated,potatoes,tillering,143,4.5,69.3,5.9,165.0,0.17
central_irrigated,potatoes,tillering,158,7.7,63.5,15.6,194.2,0.15
central_irrigated,potatoes,tillering,147,6.4,63.8,16.2,174.1,0.21
central_irrigated,potatoes,heading_flowering,200,14.6,67.1,8.0,206.5,0.52
central_irrigated,potatoes,heading_flowering,208,15.2,70.5,24.2,166.4,0.36
central_irrigated,potatoes,heading_flowering,204,11.3,68.3,3.6,192.5,0.75
central_irrigated,potatoes,heading_flowering,193,13.6,77.9,21.7,207.8,0.46
central_irrigated,potatoes,heading_flowering,236,22.2,78.0,18.7,183.0,1.0
central_irrigated,potatoes,heading_flowering,240,20.8,76.3,18.1,234.3,1.0
central_irrigated,potatoes,heading_flowering,206,14.4,85.1,23.3,145.8,0.29
central_irrigated,potatoes,ripening_maturity,266,22.0,68.1,16.2,276.9,0.97
central_irrigated,potatoes,ripening_maturity,232,18.9,83.9,19.4,202.8,1.0
central_irrigated,potatoes,ripening_maturity,252,23.6,83.3,7.1,191.6,1.0
central_irrigated,potatoes,ripening_maturity,261,24.6,93.9,22.5,154.4,0.86
central_irrigated,potatoes,ripening_maturity,265,28.2,94.1,4.2,169.3,0.61
central_irrigated,potatoes,ripening_maturity,255,23.8,92.7,9.1,192.1,1.0
central_irrigated,potatoes,ripening_maturity,271,22.1,80.0,17.1,188.5,1.0
central_irrigated,tomatoes,sowing,93,-3.6,68.1,9.4,220.1,0.21
central_irrigated,tomatoes,sowing,115,0.3,70.2,17.0,243.7,0.37
central_irrigated,tomatoes,sowing,96,-3.0,78.7,2.4,150.0,0.15
central_irrigated,tomatoes,sowing,106,-1.1,76.0,16.0,158.1,0.42
central_irrigated,tomatoes,sowing,92,-3.6,82.8,14.2,151.8,0.31
central_irrigated,tomatoes,sowing,102,-1.9,72.5,2.8,195.6,0.26
central_irrigated,tomatoes,sowing,95,-3.3,74.1,12.9,194.5,0.29
central_irrigated,tomatoes,emergence,139,4.3,71.2,9.5,239.3,0.16
central_irrigated,tomatoes,emergence,132,3.6,81.3,8.4,223.0,0.41
central_irrigated,tomatoes,emergence,135,3.6,57.6,9.3,198.4,0.4
central_irrigated,tomatoes,emergence,110,-1.1,65.0,9.7,206.4,0.35
central_irrigated,tomatoes,emergence,124,1.3,58.7,14.3,196.9,0.29
central_irrigated,tomatoes,emergence,113,0.1,77.0,2.9,163.4,0.44
central_irrigated,tomatoes,emergence,122,0.4,68.7,16.8,262.2,0.37
central_irrigated,tomatoes,tillering,166,6.4,71.4,18.1,280.4,0.42
central_irrigated,tomatoes,tillering,167,7.1,62.0,20.7,250.2,0.41
central_irrigated,tomatoes,tillering,143,3.0,71.8,5.3,248.7,0.32
central_irrigated,tomatoes,tillering,153,4.8,70.0,4.5,278.4,0.27
central_irrigated,tomatoes,tillering,160,8.5,86.2,6.4,201.4,0.23
central_irrigated,tomatoes,tillering,149,6.3,68.1,6.1,271.1,0.37
central_irrigated,tomatoes,tillering,147,5.6,58.6,3.2,286.3,0.4
central_irrigated,tomatoes,heading_flowering,194,10.2,81.6,9.0,208.5,0.39
central_irrigated,tomatoes,heading_flowering,216,14.6,67.5,14.1,326.0,0.83
central_irrigated,tomatoes,heading_flowering,237,20.1,76.1,7.3,366.6,1.0
central_irrigated,tomatoes,heading_flowering,214,16.4,66.3,21.5,343.2,0.85
central_irrigated,tomatoes,heading_flowering,218,18.3,81.6,4.6,259.9,0.97
central_irrigated,tomatoes,heading_flowering,210,14.5,90.3,18.0,245.0,0.31
central_irrigated,tomatoes,heading_flowering,228,14.9,66.9,24.9,274.4,0.89
central_irrigated,tomatoes,heading_flowering,229,21.4,91.9,14.7,239.3,1.0
central_irrigated,tomatoes,ripening_maturity,239,16.2,70.1,20.9,339.4,0.86
central_irrigated,tomatoes,ripening_maturity,266,27.5,80.0,23.1,256.0,1.0
central_irrigated,tomatoes,ripening_maturity,234,16.7,88.8,7.7,240.4,0.46
central_irrigated,tomatoes,ripening_maturity,264,20.5,66.3,12.1,394.7,1.0
central_irrigated,tomatoes,ripening_maturity,248,19.3,78.6,18.7,265.0,0.79
central_irrigated,tomatoes,ripening_maturity,241,18.3,78.0,9.8,355.4,0.94
central_irrigated,tomatoes,ripening_maturity,246,16.9,72.0,21.7,367.8,0.43
central_irrigated,tomatoes,ripening_maturity,226,18.4,72.9,21.9,335.5,1.0
central_irrigated,onions,sowing,100,-2.5,85.0,13.0,105.8,0.15
central_irrigated,onions,sowing,107,-1.3,82.9,12.1,132.0,0.17
central_irrigated,onions,sowing,117,0.2,60.1,10.1,190.0,0.25
central_irrigated,onions,sowing,113,0.1,65.9,8.3,161.4,0.12
central_irrigated,onions,sowing,108,-1.2,83.6,12.2,139.4,0.18
central_irrigated,onions,sowing,102,-1.9,73.1,10.4,118.1,0.14
central_irrigated,onions,sowing,91,-3.8,56.7,2.0,130.0,0.14
central_irrigated,onions,emergence,122,0.7,64.0,3.3,194.3,0.21
central_irrigated,onions,emergence,128,1.7,67.2,16.3,142.9,0.16
central_irrigated,onions,emergence,127,1.4,86.3,14.5,127.8,0.26
central_irrigated,onions,emergence,113,-0.6,80.8,16.7,115.0,0.18
central_irrigated,onions,emergence,136,3.1,82.5,16.5,141.6,0.25
central_irrigated,onions,emergence,110,-0.3,65.9,15.4,149.5,0.28
central_irrigated,onions,emergence,130,1.7,81.0,11.8,138.8,0.14
central_irrigated,onions,tillering,162,5.9,69.2,16.0,203.3,0.11
central_irrigated,onions,tillering,132,3.0,58.1,1.3,147.5,0.14
central_irrigated,onions,tillering,169,8.4,63.3,14.6,222.9,0.15
central_irrigated,onions,tillering,144,4.6,81.3,16.3,169.2,0.17
central_irrigated,onions,tillering,136,3.4,64.4,7.1,195.8,0.26
central_irrigated,onions,tillering,134,2.8,65.6,2.8,152.5,0.16
central_irrigated,onions,tillering,170,9.3,79.6,1.8,199.2,0.19
central_irrigated,onions,ripening_maturity,226,15.2,69.9,2.3,292.4,0.51
central_irrigated,onions,ripening_maturity,227,19.8,67.1,8.3,300.9,0.46
central_irrigated,onions,ripening_maturity,252,18.8,83.3,27.1,263.6,0.78
central_irrigated,onions,ripening_maturity,228,18.4,72.8,6.8,268.7,0.58
central_irrigated,onions,ripening_maturity,222,17.0,87.8,13.0,177.4,0.19
central_irrigated,onions,ripening_maturity,245,17.2,73.0,3.0,206.9,0.26
central_irrigated,apples,sowing,114,-0.5,74.7,16.5,83.9,0.18
central_irrigated,apples,sowing,118,-0.3,74.6,11.0,101.3,0.32
central_irrigated,apples,sowing,93,-3.6,56.7,13.2,104.8,0.15
central_irrigated,apples,sowing,120,0.8,59.0,11.1,87.0,0.32
central_irrigated,apples,sowing,92,-3.7,78.4,8.6,94.2,0.27
central_irrigated,apples,sowing,119,0.7,85.2,5.9,109.6,0.28
central_irrigated,apples,sowing,104,-1.6,58.7,12.7,93.9,0.13
central_irrigated,apples,tillering,147,5.9,77.5,11.5,102.9,0.33
central_irrigated,apples,tillering,160,7.8,68.6,8.6,151.3,0.28
central_irrigated,apples,tillering,140,5.1,77.0,4.9,127.2,0.29
central_irrigated,apples,tillering,157,5.8,81.5,15.7,103.5,0.15
central_irrigated,apples,tillering,164,9.2,71.0,13.4,161.6,0.18
central_irrigated,apples,tillering,155,7.0,73.3,9.2,151.7,0.18
central_irrigated,apples,tillering,156,6.7,68.8,13.0,155.4,0.19
central_irrigated,apples,tillering,149,4.8,70.8,13.5,99.7,0.33
central_irrigated,apples,heading_flowering,196,11.9,70.0,16.3,134.4,0.46
central_irrigated,apples,heading_flowering,199,10.4,89.8,10.8,137.2,0.32
central_irrigated,apples,heading_flowering,197,13.7,62.7,7.1,168.1,0.6
central_irrigated,apples,heading_flowering,218,17.0,91.3,22.3,156.9,0.42
central_irrigated,apples,heading_flowering,217,18.3,73.9,17.6,148.5,1.0
central_irrigated,apples,heading_flowering,213,14.3,71.7,16.7,155.8,0.66
central_irrigated,apples,heading_flowering,221,14.1,62.1,2.3,190.7,0.7
central_irrigated,apples,heading_flowering,208,13.1,71.0,13.5,136.7,0.66
central_irrigated,apples,ripening_maturity,251,23.9,77.8,21.9,163.2,0.75
central_irrigated,apples,ripening_maturity,239,16.0,81.1,4.9,167.2,0.43
central_irrigated,apples,ripening_maturity,264,25.9,92.8,24.6,157.2,1.0
central_irrigated,apples,ripening_maturity,267,27.8,86.8,2.8,150.1,1.0
central_irrigated,apples,ripening_maturity,235,15.2,85.1,3.3,124.8,0.53
central_irrigated,apples,ripening_maturity,275,22.3,87.4,13.9,182.6,0.76
central_irrigated,apples,ripening_maturity,245,24.2,66.8,20.4,159.8,0.66
central_irrigated,apples,ripening_maturity,231,19.0,67.1,14.5,164.2,0.93
central_irrigated,plums,sowing,92,-3.7,64.2,8.7,63.3,0.15
central_irrigated,plums,sowing,99,-2.7,84.6,15.4,64.8,0.31
central_irrigated,plums,sowing,93,-3.5,67.2,3.5,57.5,0.3
central_irrigated,plums,sowing,90,-4.0,66.0,14.7,69.4,0.15
central_irrigated,plums,sowing,118,0.1,73.6,8.2,78.8,0.23
central_irrigated,plums,sowing,119,0.8,86.1,1.8,78.7,0.24
central_irrigated,plums,sowing,104,-1.9,66.8,6.7,91.6,0.18
central_irrigated,plums,sowing,94,-3.3,73.6,14.1,60.5,0.14
central_irrigated,plums,tillering,155,6.5,83.2,1.8,81.9,0.22
central_irrigated,plums,tillering,162,7.2,71.5,6.7,85.8,0.28
central_irrigated,plums,tillering,160,8.1,67.6,5.8,93.6,0.14
central_irrigated,plums,tillering,165,8.9,72.6,5.2,90.1,0.31
central_irrigated,plums,tillering,170,9.4,69.7,5.3,101.6,0.17
central_irrigated,plums,tillering,144,5.4,69.5,8.0,77.2,0.22
central_irrigated,plums,tillering,132,2.0,69.0,2.1,76.9,0.29
central_irrigated,plums,heading_flowering,240,19.8,83.9,3.4,121.9,0.96
central_irrigated,plums,heading_flowering,214,16.6,77.8,19.2,132.5,0.59
central_irrigated,plums,heading_flowering,232,21.8,68.5,22.8,133.9,1.0
central_irrigated,plums,heading_flowering,228,21.3,85.8,2.8,134.6,1.0
central_irrigated,plums,heading_flowering,222,13.7,87.2,16.8,93.6,0.23
central_irrigated,plums,heading_flowering,207,16.5,90.6,8.5,88.8,0.37
central_irrigated,plums,heading_flowering,194,13.3,62.1,8.0,103.4,0.49
central_irrigated,plums,ripening_maturity,272,25.1,90.1,2.4,121.8,1.0
central_irrigated,plums,ripening_maturity,273,29.2,71.2,8.3,101.2,0.75
central_irrigated,plums,ripening_maturity,244,20.1,63.7,20.2,137.7,0.46
central_irrigated,plums,ripening_maturity,280,30.9,74.1,19.4,115.7,0.87
central_irrigated,plums,ripening_maturity,246,21.3,86.6,7.5,124.2,1.0
central_irrigated,plums,ripening_maturity,247,22.2,90.3,8.5,129.5,0.57
central_irrigated,plums,ripening_maturity,233,22.1,86.9,3.8,99.2,0.99
central_irrigated,plums,ripening_maturity,260,21.7,66.9,16.7,122.6,0.45
central_irrigated,grapes,sowing,97,-2.8,71.4,10.7,50.6,0.24
central_irrigated,grapes,sowing,120,0.6,69.4,2.2,53.3,0.29
central_irrigated,grapes,sowing,105,-1.4,79.8,10.9,53.7,0.26
central_irrigated,grapes,sowing,93,-3.5,79.8,7.4,52.2,0.33
central_irrigated,grapes,sowing,103,-1.8,60.2,3.6,50.3,0.3
central_irrigated,grapes,sowing,117,0.8,75.9,2.3,52.6,0.16
central_irrigated,grapes,sowing,98,-2.6,74.7,9.3,60.0,0.22
central_irrigated,grapes,tillering,165,6.8,69.7,19.2,82.0,0.3
central_irrigated,grapes,tillering,137,3.0,74.4,5.9,56.5,0.16
central_irrigated,grapes,tillering,139,4.3,81.9,8.4,70.8,0.22
central_irrigated,grapes,tillering,131,2.0,61.9,1.9,62.5,0.28
central_irrigated,grapes,tillering,147,4.2,83.7,11.8,52.0,0.13
central_irrigated,grapes,tillering,162,9.0,84.3,17.6,83.8,0.24
central_irrigated,grapes,tillering,163,6.6,76.9,14.2,77.7,0.23
central_irrigated,grapes,tillering,149,4.1,84.0,4.0,62.0,0.17
central_irrigated,grapes,heading_flowering,223,14.2,79.5,2.3,80.9,0.6
central_irrigated,grapes,heading_flowering,204,13.4,67.3,13.0,113.4,0.55
central_irrigated,grapes,heading_flowering,211,16.7,67.8,17.9,92.9,0.71
central_irrigated,grapes,heading_flowering,198,14.3,79.1,4.4,98.9,0.69
central_irrigated,grapes,heading_flowering,240,21.5,66.2,20.4,96.0,0.51
central_irrigated,grapes,heading_flowering,224,19.8,67.5,20.6,109.9,0.6
central_irrigated,grapes,heading_flowering,195,11.6,79.7,10.7,67.9,0.68
central_irrigated,grapes,ripening_maturity,278,21.5,87.2,21.5,76.1,1.0
central_irrigated,grapes,ripening_maturity,260,19.9,64.6,1.9,114.8,0.59
central_irrigated,grapes,ripening_maturity,245,23.2,80.2,9.0,88.1,0.79
central_irrigated,grapes,ripening_maturity,251,23.0,92.4,25.9,87.8,1.0
central_irrigated,grapes,ripening_maturity,240,23.0,85.3,18.2,96.8,0.95
central_irrigated,grapes,ripening_maturity,277,24.2,81.2,15.9,80.6,0.79
central_irrigated,grapes,ripening_maturity,223,16.1,62.8,4.4,90.0,0.27
central_irrigated,grapes,ripening_maturity,224,19.2,82.2,17.5,100.1,0.73
azov,winter_wheat,sowing,90,-3.0,68.6,4.9,22.7,0.22
azov,winter_wheat,sowing,113,1.2,59.0,4.2,21.4,0.23
azov,winter_wheat,sowing,106,-0.4,56.2,4.8,22.4,0.16
azov,winter_wheat,sowing,110,-0.2,58.6,6.8,26.2,0.09
azov,winter_wheat,sowing,103,-1.0,71.4,6.4,27.1,0.12
azov,winter_wheat,sowing,111,0.8,63.5,11.7,28.8,0.17
azov,winter_wheat,sowing,96,-2.1,57.6,5.2,21.4,0.22
azov,winter_wheat,tillering,152,6.1,54.9,0.5,23.2,0.23
azov,winter_wheat,tillering,149,7.4,83.1,4.9,22.4,0.23
azov,winter_wheat,tillering,133,2.9,62.8,2.8,25.8,0.16
azov,winter_wheat,tillering,132,3.0,72.9,12.9,25.3,0.18
azov,winter_wheat,tillering,144,6.6,82.0,11.2,26.3,0.25
azov,winter_wheat,tillering,136,5.2,54.9,7.3,23.9,0.16
azov,winter_wheat,booting,189,12.5,61.7,5.9,41.7,0.36
azov,winter_wheat,booting,186,13.2,81.5,6.5,25.7,0.51
azov,winter_wheat,booting,190,13.1,82.5,10.7,28.1,0.28
azov,winter_wheat,booting,167,10.4,70.6,7.8,27.6,0.2
azov,winter_wheat,booting,169,7.7,76.7,2.6,23.8,0.19
azov,winter_wheat,booting,187,14.8,66.4,2.2,37.9,0.48
azov,winter_wheat,heading_flowering,204,14.0,66.2,3.9,42.7,0.23
azov,winter_wheat,heading_flowering,198,16.1,73.6,10.1,40.8,0.45
azov,winter_wheat,heading_flowering,211,15.0,73.6,5.6,34.0,0.44
azov,winter_wheat,heading_flowering,236,21.2,79.0,17.9,34.3,0.78
azov,winter_wheat,heading_flowering,235,19.4,73.2,12.4,43.9,0.5
azov,winter_wheat,heading_flowering,220,17.9,59.1,5.7,36.8,0.39
azov,winter_wheat,heading_flowering,233,17.1,66.1,5.8,42.9,0.18
azov,winter_wheat,ripening_maturity,257,20.8,62.1,17.2,46.0,0.38
azov,winter_wheat,ripening_maturity,227,15.6,70.5,16.2,38.8,0.28
azov,winter_wheat,ripening_maturity,278,22.9,63.5,16.0,44.7,0.36
azov,winter_wheat,ripening_maturity,234,16.0,58.4,16.0,32.5,0.2
azov,winter_wheat,ripening_maturity,274,26.9,76.7,21.0,41.3,1.0
azov,winter_wheat,ripening_maturity,260,27.7,83.4,7.1,38.8,0.85
azov,winter_wheat,ripening_maturity,220,18.4,58.4,5.8,45.6,0.24
azov,winter_wheat,ripening_maturity,242,17.7,85.6,7.1,38.0,0.51
azov,spring_barley,sowing,114,0.3,60.6,9.8,19.3,0.27
azov,spring_barley,sowing,103,-1.2,62.2,11.1,19.6,0.27
azov,spring_barley,sowing,102,-1.1,67.8,7.4,20.4,0.26
azov,spring_barley,sowing,113,0.0,71.9,12.1,21.6,0.13
azov,spring_barley,sowing,97,-1.8,56.8,9.7,16.3,0.11
azov,spring_barley,sowing,98,-1.7,75.8,6.4,15.9,0.3
azov,spring_barley,sowing,119,2.1,73.9,7.3,20.2,0.15
azov,spring_barley,sowing,116,0.5,57.4,2.7,16.6,0.16
azov,spring_barley,emergence,110,0.1,60.0,4.3,16.9,0.25
azov,spring_barley,emergence,114,0.7,70.3,10.3,18.5,0.23
azov,spring_barley,emergence,139,5.6,65.4,9.1,20.4,0.21
azov,spring_barley,emergence,119,1.8,56.0,11.7,19.5,0.17
azov,spring_barley,emergence,131,2.5,69.8,4.0,16.5,0.26
azov,spring_barley,emergence,118,1.3,56.4,2.4,20.3,0.29
azov,spring_barley,emergence,130,3.5,70.4,7.7,24.3,0.23
azov,spring_barley,emergence,126,2.7,78.4,12.4,15.6,0.15
azov,spring_barley,tillering,163,7.6,74.6,4.2,21.2,0.14
azov,spring_barley,tillering,155,7.2,74.5,3.7,17.9,0.17
azov,spring_barley,tillering,158,8.7,71.5,4.5,21.6,0.3
azov,spring_barley,tillering,156,6.1,80.7,14.8,17.4,0.11
azov,spring_barley,tillering,153,5.5,63.9,6.6,26.2,0.25
azov,spring_barley,tillering,161,8.5,78.8,0.8,24.7,0.29
azov,spring_barley,tillering,130,2.4,62.4,1.6,20.6,0.25
azov,spring_barley,tillering,165,8.2,70.2,14.7,21.2,0.23
azov,spring_barley,heading_flowering,231,20.7,84.8,9.9,25.8,0.54
azov,spring_barley,heading_flowering,204,15.4,77.1,4.0,28.5,0.27
azov,spring_barley,heading_flowering,219,14.2,64.7,13.3,31.5,0.34
azov,spring_barley,heading_flowering,208,18.0,58.2,17.0,27.4,0.35
azov,spring_barley,heading_flowering,216,14.3,78.4,17.3,26.8,0.49
azov,spring_barley,heading_flowering,238,23.7,82.3,6.2,27.2,0.47
azov,spring_barley,heading_flowering,239,20.3,73.7,5.5,32.6,0.72
azov,spring_barley,heading_flowering,229,19.3,60.3,6.4,25.9,0.36
azov,spring_barley,ripening_maturity,250,18.5,76.1,11.6,30.8,0.8
azov,spring_barley,ripening_maturity,280,30.4,66.6,16.3,31.6,0.55
azov,spring_barley,ripening_maturity,232,22.9,63.1,7.1,34.7,0.55
azov,spring_barley,ripening_maturity,264,24.5,84.6,5.3,31.4,1.0
azov,spring_barley,ripening_maturity,266,24.2,68.4,8.1,31.0,0.79
azov,spring_barley,ripening_maturity,220,19.9,86.7,9.7,24.6,0.41
azov,spring_barley,ripening_maturity,274,26.8,62.7,7.0,30.9,0.29
azov,spring_barley,ripening_maturity,238,21.4,83.0,3.3,32.4,0.94
azov,corn,sowing,114,1.2,70.2,1.4,38.5,0.16
azov,corn,sowing,99,-1.8,58.6,1.0,33.4,0.3
azov,corn,sowing,98,-1.9,63.4,7.6,32.7,0.2
azov,corn,sowing,101,-1.0,57.6,1.6,30.1,0.27
azov,corn,sowing,97,-2.0,63.5,7.4,30.4,0.17
azov,corn,sowing,96,-2.0,63.6,4.2,32.9,0.16
azov,corn,emergence,121,2.4,53.0,12.2,31.9,0.12
azov,corn,emergence,123,1.9,71.8,9.4,40.3,0.33
azov,corn,emergence,128,2.4,68.3,13.0,40.0,0.26
azov,corn,emergence,118,0.9,64.0,10.8,47.0,0.25
azov,corn,emergence,137,4.2,78.1,10.7,32.4,0.25
azov,corn,emergence,114,1.2,75.3,9.1,29.7,0.24
azov,corn,emergence,110,-0.1,67.0,1.8,39.0,0.11
azov,corn,emergence,135,4.5,79.7,5.5,44.1,0.18
azov,corn,tillering,139,4.8,59.0,7.7,49.0,0.25
azov,corn,tillering,133,3.9,80.1,12.6,38.1,0.18
azov,corn,tillering,150,5.5,72.2,7.5,36.6,0.16
azov,corn,tillering,147,6.2,73.4,5.2,45.1,0.21
azov,corn,tillering,165,8.2,71.1,4.1,50.5,0.3
azov,corn,tillering,137,3.6,61.8,7.2,49.0,0.21
azov,corn,tillering,142,6.2,62.0,5.8,43.8,0.3
azov,corn,tillering,167,7.4,78.3,15.2,48.5,0.24
azov,corn,heading_flowering,223,15.9,69.9,9.6,67.8,0.34
azov,corn,heading_flowering,206,12.4,77.8,1.1,59.1,0.62
azov,corn,heading_flowering,221,15.8,71.3,7.8,66.0,0.24
azov,corn,heading_flowering,202,15.6,78.0,0.5,55.8,0.49
azov,corn,heading_flowering,225,20.3,73.8,16.2,55.1,0.88
azov,corn,heading_flowering,212,19.3,75.5,13.9,49.4,0.45
azov,corn,heading_flowering,231,20.2,62.6,1.7,61.4,0.33
azov,corn,ripening_maturity,252,26.3,80.2,11.5,60.1,0.78
azov,corn,ripening_maturity,260,19.4,88.6,13.9,48.0,0.66
azov,corn,ripening_maturity,277,27.2,80.7,16.9,61.2,0.77
azov,corn,ripening_maturity,279,23.1,66.4,1.3,57.8,0.96
azov,corn,ripening_maturity,221,19.2,72.2,13.2,60.8,0.55
azov,corn,ripening_maturity,232,16.8,63.6,13.3,63.3,0.32
azov,corn,ripening_maturity,234,18.2,73.2,7.9,70.3,0.56
azov,oats,sowing,107,-0.5,74.0,5.0,16.4,0.11
azov,oats,sowing,114,1.1,58.1,11.1,15.5,0.16
azov,oats,sowing,99,-1.4,69.9,0.5,13.7,0.15
azov,oats,sowing,102,-1.2,75.6,0.7,12.1,0.22
azov,oats,sowing,97,-1.9,51.2,1.2,14.8,0.12
azov,oats,sowing,113,0.7,67.1,10.5,15.1,0.14
azov,oats,sowing,103,-1.0,80.7,4.9,13.0,0.15
azov,oats,sowing,110,-0.3,71.6,5.5,17.8,0.18
azov,oats,tillering,148,5.4,66.2,12.4,17.2,0.11
azov,oats,tillering,136,4.8,63.7,12.7,16.3,0.13
azov,oats,tillering,132,3.0,71.9,2.6,14.2,0.09
azov,oats,tillering,158,8.3,81.5,10.4,16.9,0.1
azov,oats,tillering,165,10.6,76.4,11.3,16.8,0.31
azov,oats,tillering,163,10.2,82.8,14.8,15.4,0.43
azov,oats,tillering,139,3.8,78.3,7.9,18.9,0.2
azov,oats,booting,198,12.3,81.6,7.0,19.2,0.23
azov,oats,booting,165,10.3,55.5,13.7,18.5,0.35
azov,oats,booting,196,11.7,83.8,15.5,18.2,0.18
azov,oats,booting,187,13.9,61.6,13.4,23.3,0.21
azov,oats,booting,178,9.0,70.1,1.5,19.9,0.17
azov,oats,booting,185,11.9,79.4,15.8,18.3,0.23
azov,oats,booting,197,15.9,60.0,1.0,29.4,0.31
azov,oats,heading_flowering,212,17.3,74.2,2.3,29.6,0.27
azov,oats,heading_flowering,213,18.9,69.2,14.1,32.0,0.39
azov,oats,heading_flowering,209,18.6,61.4,0.7,24.1,0.22
azov,oats,heading_flowering,193,12.5,57.1,11.0,23.0,0.18
azov,oats,heading_flowering,227,18.6,57.8,3.2,24.7,0.36
azov,oats,heading_flowering,191,11.9,81.9,5.4,21.9,0.45
azov,oats,heading_flowering,201,14.5,78.2,2.4,21.5,0.16
azov,oats,ripening_maturity,226,17.8,72.1,1.2,29.5,0.45
azov,oats,ripening_maturity,273,26.5,60.3,20.2,30.2,0.31
azov,oats,ripening_maturity,280,29.5,73.5,13.7,25.1,0.46
azov,oats,ripening_maturity,234,19.4,72.4,7.7,23.0,0.38
azov,oats,ripening_maturity,263,25.6,74.7,14.5,24.6,0.33
azov,oats,ripening_maturity,229,17.4,75.1,10.6,25.0,0.37
azov,oats,ripening_maturity,277,23.6,62.0,17.0,25.3,0.33
azov,rye,sowing,103,-1.1,66.2,6.6,15.3,0.08
azov,rye,sowing,94,-2.3,55.1,0.8,12.4,0.11
azov,rye,sowing,101,-1.2,54.4,7.4,12.6,0.19
azov,rye,sowing,91,-2.8,75.5,9.4,14.5,0.18
azov,rye,sowing,112,0.3,51.2,6.0,15.5,0.19
azov,rye,sowing,90,-3.0,72.9,2.3,15.5,0.08
azov,rye,sowing,95,-2.1,60.5,4.7,17.5,0.08
azov,rye,sowing,117,1.6,66.4,6.2,15.8,0.15
azov,rye,tillering,152,8.4,68.1,13.7,18.1,0.2
azov,rye,tillering,159,6.5,59.3,3.6,21.3,0.18
azov,rye,tillering,147,7.2,56.1,2.5,23.5,0.13
azov,rye,tillering,165,10.6,82.6,15.2,22.9,0.19
azov,rye,tillering,143,4.3,80.6,8.1,15.7,0.1
azov,rye,tillering,133,3.0,64.7,2.4,21.0,0.18
azov,rye,tillering,160,8.6,73.3,1.9,19.9,0.21
azov,rye,tillering,142,5.8,59.1,1.6,18.5,0.1
azov,rye,booting,198,15.9,78.9,16.2,20.7,0.25
azov,rye,booting,165,10.3,68.6,0.9,25.6,0.25
azov,rye,booting,163,10.0,61.5,4.0,21.2,0.23
azov,rye,booting,167,9.4,77.8,10.9,25.0,0.07
azov,rye,booting,177,9.7,62.4,4.0,25.5,0.08
azov,rye,booting,160,9.0,55.2,12.7,25.1,0.21
azov,rye,booting,174,11.8,83.4,9.4,24.2,0.37
azov,rye,heading_flowering,220,16.8,65.0,5.8,24.4,0.37
azov,rye,heading_flowering,192,12.9,68.1,14.4,23.5,0.37
azov,rye,heading_flowering,193,13.2,75.0,2.5,20.7,0.21
azov,rye,heading_flowering,218,20.2,63.1,1.6,30.7,0.18
azov,rye,heading_flowering,224,14.9,71.1,7.8,22.0,0.33
azov,rye,heading_flowering,206,16.4,69.0,2.5,22.9,0.35
azov,rye,heading_flowering,213,18.0,60.3,9.5,25.6,0.19
azov,rye,ripening_maturity,238,22.1,82.7,2.9,22.5,0.74
azov,rye,ripening_maturity,266,21.5,76.8,20.9,23.4,0.44
azov,rye,ripening_maturity,252,20.1,67.0,10.6,30.3,0.55
azov,rye,ripening_maturity,224,14.7,84.2,1.3,20.5,0.3
azov,rye,ripening_maturity,232,20.5,83.9,8.0,20.8,0.57
azov,rye,ripening_maturity,277,24.2,68.3,9.3,25.3,0.42
azov,rye,ripening_maturity,250,18.9,66.0,18.7,31.7,0.22
azov,millet,sowing,99,-1.8,63.7,3.3,11.1,0.15
azov,millet,sowing,93,-2.5,71.1,6.9,8.1,0.18
azov,millet,sowing,104,-1.0,53.7,6.4,10.4,0.15
azov,millet,sowing,115,0.8,79.0,0.9,11.3,0.09
azov,millet,sowing,119,1.7,57.5,1.1,9.3,0.13
azov,millet,sowing,95,-2.1,72.4,10.5,9.4,0.08
azov,millet,sowing,100,-1.5,72.9,7.4,9.4,0.18
azov,millet,sowing,120,1.0,76.5,7.7,9.7,0.17
azov,millet,emergence,116,1.4,60.7,11.0,10.5,0.14
azov,millet,emergence,113,0.5,77.1,2.3,9.1,0.07
azov,millet,emergence,122,2.3,74.0,0.8,13.1,0.11
azov,millet,emergence,129,4.0,82.0,10.1,12.6,0.16
azov,millet,emergence,138,3.5,80.0,10.3,10.0,0.11
azov,millet,emergence,133,3.3,69.6,12.6,9.7,0.16
azov,millet,emergence,110,-0.1,70.7,8.5,11.3,0.07
azov,millet,emergence,112,0.5,74.1,11.0,11.6,0.09
azov,millet,tillering,151,7.0,54.4,11.2,10.5,0.11
azov,millet,tillering,165,7.2,64.6,0.9,14.3,0.09
azov,millet,tillering,137,5.0,54.7,1.7,12.6,0.12
azov,millet,tillering,162,9.9,65.4,9.2,15.1,0.19
azov,millet,tillering,150,7.8,75.3,10.2,12.0,0.08
azov,millet,tillering,152,8.2,53.8,14.1,11.1,0.16
azov,millet,heading_flowering,231,17.0,67.1,8.3,18.3,0.34
azov,millet,heading_flowering,235,20.1,61.7,1.0,16.0,0.28
azov,millet,heading_flowering,198,12.3,65.8,1.8,14.0,0.35
azov,millet,heading_flowering,236,21.2,69.2,13.2,19.5,0.27
azov,millet,heading_flowering,194,13.8,69.4,11.3,13.7,0.34
azov,millet,heading_flowering,239,23.6,71.3,11.0,21.0,0.3
azov,millet,ripening_maturity,230,17.8,81.3,4.4,15.6,0.17
azov,millet,ripening_maturity,221,18.4,56.9,15.1,15.9,0.21
azov,millet,ripening_maturity,239,19.2,74.7,4.1,19.1,0.55
azov,millet,ripening_maturity,249,24.0,65.9,14.8,19.6,0.23
azov,millet,ripening_maturity,252,18.7,82.8,11.5,14.2,0.23
azov,millet,ripening_maturity,265,26.7,76.1,20.6,17.3,0.7
azov,millet,ripening_maturity,233,18.6,82.3,3.4,14.5,0.46
azov,millet,ripening_maturity,242,21.5,65.5,16.3,16.6,0.5
azov,sorghum,sowing,117,1.2,54.6,11.8,10.7,0.19
azov,sorghum,sowing,99,-1.8,80.1,0.8,11.8,0.13
azov,sorghum,sowing,94,-2.4,54.2,11.0,10.3,0.14
azov,sorghum,sowing,104,-0.7,59.1,0.8,12.4,0.14
azov,sorghum,sowing,97,-1.8,53.9,4.5,10.0,0.11
azov,sorghum,sowing,100,-1.4,68.2,1.2,15.3,0.14
azov,sorghum,sowing,113,0.8,77.4,5.3,10.9,0.19
azov,sorghum,emergence,129,2.3,73.4,1.4,13.9,0.15
azov,sorghum,emergence,120,1.0,62.1,2.1,12.0,0.2
azov,sorghum,emergence,140,5.3,77.1,13.0,16.8,0.12
azov,sorghum,emergence,134,3.6,69.2,6.2,14.9,0.22
azov,sorghum,emergence,122,2.7,52.2,2.1,13.4,0.14
azov,sorghum,emergence,139,3.7,54.7,2.5,15.7,0.18
azov,sorghum,tillering,153,6.8,80.0,11.3,16.6,0.2
azov,sorghum,tillering,141,4.4,60.7,5.9,16.8,0.08
azov,sorghum,tillering,147,7.4,61.3,12.6,16.3,0.09
azov,sorghum,tillering,132,2.9,59.7,6.8,15.8,0.22
azov,sorghum,tillering,164,9.2,80.1,9.4,17.0,0.18
azov,sorghum,tillering,151,5.3,56.3,10.4,13.4,0.21
azov,sorghum,tillering,138,5.8,80.7,4.1,14.3,0.1
azov,sorghum,tillering,136,3.6,80.8,12.1,11.9,0.09
azov,sorghum,heading_flowering,193,10.8,78.0,7.5,20.2,0.18
azov,sorghum,heading_flowering,214,16.8,85.2,5.8,16.4,0.39
azov,sorghum,heading_flowering,199,12.2,58.2,7.8,21.2,0.29
azov,sorghum,heading_flowering,225,19.9,63.9,3.5,26.9,0.26
azov,sorghum,heading_flowering,222,19.2,72.1,10.3,24.1,0.34
azov,sorghum,heading_flowering,206,17.7,75.2,12.4,21.9,0.28
azov,sorghum,heading_flowering,213,16.7,67.1,17.7,23.7,0.4
azov,sorghum,ripening_maturity,242,17.1,64.5,1.8,25.0,0.38
azov,sorghum,ripening_maturity,229,19.2,78.2,14.9,16.7,0.42
azov,sorghum,ripening_maturity,276,22.3,65.2,10.6,26.3,0.29
azov,sorghum,ripening_maturity,227,19.6,83.8,13.0,21.8,0.48
azov,sorghum,ripening_maturity,237,19.7,81.0,14.2,17.0,0.25
azov,sorghum,ripening_maturity,245,17.7,69.5,16.3,25.8,0.26
azov,sorghum,ripening_maturity,226,22.0,83.8,8.0,19.3,0.48
azov,sorghum,ripening_maturity,250,22.6,78.3,15.1,20.9,0.83
azov,peas,sowing,92,-2.6,67.5,11.0,10.3,0.24
azov,peas,sowing,103,-1.2,80.2,9.6,10.8,0.29
azov,peas,sowing,99,-1.7,63.2,2.6,10.7,0.16
azov,peas,sowing,107,-0.5,77.2,10.2,12.5,0.32
azov,peas,sowing,105,-0.6,79.1,2.5,9.4,0.31
azov,peas,sowing,120,2.5,75.0,11.2,13.1,0.32
azov,peas,sowing,96,-2.0,60.4,1.5,12.2,0.24
azov,peas,emergence,114,0.2,79.3,7.5,9.8,0.16
azov,peas,emergence,133,4.0,80.0,12.5,11.0,0.31
azov,peas,emergence,117,0.6,76.4,1.6,11.7,0.25
azov,peas,emergence,112,0.0,69.3,12.1,10.6,0.29
azov,peas,emergence,126,2.6,53.8,10.4,12.1,0.13
azov,peas,emergence,127,2.1,54.3,9.1,11.4,0.31
azov,peas,emergence,118,1.6,58.2,7.9,12.8,0.31
azov,peas,emergence,135,4.9,71.3,7.8,11.6,0.2
azov,peas,tillering,170,9.0,75.8,7.2,15.4,0.21
azov,peas,tillering,142,4.5,77.8,6.7,11.3,0.37
azov,peas,tillering,155,7.3,69.7,14.1,17.1,0.17
azov,peas,tillering,135,3.3,78.2,7.5,11.5,0.28
azov,peas,tillering,149,7.1,76.2,14.0,15.2,0.19
azov,peas,tillering,147,7.5,63.2,4.8,17.8,0.27
azov,peas,heading_flowering,211,17.8,76.5,1.4,18.1,0.51
azov,peas,heading_flowering,192,13.2,82.8,16.5,13.5,0.36
azov,peas,heading_flowering,206,15.7,56.5,7.6,14.6,0.45
azov,peas,heading_flowering,226,20.0,60.3,4.9,17.6,0.43
azov,peas,heading_flowering,227,16.6,59.4,13.7,17.7,0.63
azov,peas,heading_flowering,219,18.3,79.3,14.0,16.3,0.39
azov,peas,heading_flowering,190,12.9,56.2,8.1,18.9,0.43
azov,peas,heading_flowering,208,18.7,65.9,15.1,17.8,0.42
azov,peas,ripening_maturity,232,18.3,69.5,7.3,22.0,0.71
azov,peas,ripening_maturity,271,25.0,63.8,13.9,22.7,0.57
azov,peas,ripening_maturity,220,18.3,64.0,16.1,18.8,0.41
azov,peas,ripening_maturity,226,16.2,65.7,8.2,18.2,0.51
azov,peas,ripening_maturity,265,27.0,64.4,12.2,22.9,0.73
azov,peas,ripening_maturity,228,21.3,65.0,8.0,21.7,0.52
azov,chickpeas,sowing,95,-2.2,64.0,9.7,10.1,0.25
azov,chickpeas,sowing,119,1.1,62.0,8.8,9.2,0.21
azov,chickpeas,sowing,111,-0.2,65.0,5.4,11.1,0.19
azov,chickpeas,sowing,103,-1.2,68.4,1.5,10.2,0.34
azov,chickpeas,sowing,99,-1.4,70.8,7.7,8.0,0.14
azov,chickpeas,sowing,90,-3.0,79.7,2.1,6.9,0.13
azov,chickpeas,emergence,129,2.9,52.7,13.0,8.1,0.31
azov,chickpeas,emergence,138,5.6,62.9,5.4,13.7,0.22
azov,chickpeas,emergence,110,-0.3,76.0,1.0,9.4,0.18
azov,chickpeas,emergence,115,1.3,57.0,8.8,10.1,0.15
azov,chickpeas,emergence,116,1.6,60.8,3.4,11.2,0.12
azov,chickpeas,emergence,140,5.6,71.2,11.0,10.6,0.31
azov,chickpeas,tillering,169,10.4,55.0,0.8,12.5,0.44
azov,chickpeas,tillering,155,6.6,83.0,4.4,10.2,0.2
azov,chickpeas,tillering,162,8.6,73.3,6.2,12.1,0.31
azov,chickpeas,tillering,133,4.1,54.7,11.9,8.5,0.24
azov,chickpeas,tillering,165,7.3,66.1,1.1,13.5,0.18
azov,chickpeas,tillering,139,5.5,57.6,5.1,12.3,0.33
azov,chickpeas,tillering,131,4.5,56.9,5.5,12.2,0.29
azov,chickpeas,heading_flowering,194,12.3,59.4,6.8,12.1,0.51
azov,chickpeas,heading_flowering,201,11.7,72.1,10.2,15.5,0.45
azov,chickpeas,heading_flowering,209,15.6,64.3,1.5,15.0,0.25
azov,chickpeas,heading_flowering,200,12.6,66.1,10.8,12.1,0.38
azov,chickpeas,heading_flowering,205,15.8,64.3,12.5,13.5,0.27
azov,chickpeas,heading_flowering,192,15.4,84.4,2.6,10.9,0.53
azov,chickpeas,heading_flowering,228,17.4,81.3,10.2,12.0,0.27
azov,chickpeas,ripening_maturity,237,23.2,75.5,15.8,15.3,0.55
azov,chickpeas,ripening_maturity,227,21.7,84.3,18.0,16.4,0.98
azov,chickpeas,ripening_maturity,228,16.6,73.1,10.4,14.4,0.57
azov,chickpeas,ripening_maturity,280,28.1,81.7,1.0,13.5,1.0
azov,chickpeas,ripening_maturity,273,26.6,71.6,21.1,15.3,0.71
azov,chickpeas,ripening_maturity,250,19.7,60.4,17.5,18.8,0.44
azov,chickpeas,ripening_maturity,226,19.8,86.5,15.7,14.4,0.83
azov,chickpeas,ripening_maturity,271,29.0,86.4,20.6,14.0,0.97
azov,sunflower,sowing,92,-2.7,78.4,9.9,8.8,0.21
azov,sunflower,sowing,114,0.7,62.2,8.0,11.9,0.14
azov,sunflower,sowing,93,-2.6,79.4,4.7,10.1,0.15
azov,sunflower,sowing,94,-2.3,78.4,2.0,7.4,0.21
azov,sunflower,sowing,99,-1.5,54.4,4.3,10.1,0.12
azov,sunflower,sowing,100,-1.4,57.7,7.0,9.6,0.19
azov,sunflower,sowing,105,-0.4,57.4,6.2,11.5,0.26
azov,sunflower,sowing,110,-0.1,62.9,2.0,11.0,0.24
azov,sunflower,emergence,133,3.3,80.2,6.4,11.3,0.15
azov,sunflower,emergence,113,0.9,64.2,5.4,12.7,0.13
azov,sunflower,emergence,125,3.2,71.8,8.6,10.5,0.18
azov,sunflower,emergence,110,0.5,62.0,12.0,11.5,0.18
azov,sunflower,emergence,120,2.1,72.7,4.8,12.9,0.2
azov,sunflower,emergence,114,0.8,71.8,7.5,12.2,0.16
azov,sunflower,emergence,131,3.1,56.7,4.2,10.2,0.28
azov,sunflower,emergence,126,2.5,55.6,5.8,9.7,0.18
azov,sunflower,tillering,157,8.4,76.8,9.2,10.4,0.29
azov,sunflower,tillering,155,8.6,66.5,1.6,17.0,0.28
azov,sunflower,tillering,138,4.7,54.7,6.9,13.6,0.14
azov,sunflower,tillering,141,5.2,57.5,0.6,11.9,0.13
azov,sunflower,tillering,158,7.2,59.3,9.9,10.8,0.16
azov,sunflower,tillering,162,8.4,54.8,1.5,11.8,0.21
azov,sunflower,tillering,136,5.3,62.2,10.8,11.6,0.23
azov,sunflower,heading_flowering,209,17.3,71.7,13.3,19.7,0.57
azov,sunflower,heading_flowering,197,12.5,72.8,0.8,13.4,0.29
azov,sunflower,heading_flowering,205,15.4,73.5,16.1,15.2,0.57
azov,sunflower,heading_flowering,192,15.5,78.6,14.3,14.2,0.5
azov,sunflower,heading_flowering,240,18.5,86.5,18.9,15.9,0.83
azov,sunflower,heading_flowering,222,14.7,70.2,8.7,14.9,0.43
azov,sunflower,heading_flowering,193,14.8,65.4,10.2,18.5,0.56
azov,sunflower,heading_flowering,208,17.6,76.4,4.7,16.4,0.36
azov,sunflower,ripening_maturity,238,17.3,69.3,15.3,16.9,0.33
azov,sunflower,ripening_maturity,262,27.3,66.6,18.7,19.4,0.74
azov,sunflower,ripening_maturity,245,24.6,77.3,17.1,15.7,0.52
azov,sunflower,ripening_maturity,242,20.6,74.0,10.4,18.0,0.81
azov,sunflower,ripening_maturity,228,20.9,80.3,12.8,18.9,1.0
azov,sunflower,ripening_maturity,259,24.1,64.8,11.6,22.9,0.43
azov,sunflower,ripening_maturity,229,15.7,77.8,5.2,15.2,0.5
azov,sunflower,ripening_maturity,232,22.6,70.7,14.4,19.0,0.45
azov,sugar_beet,sowing,111,0.3,57.2,1.3,158.6,0.26
azov,sugar_beet,sowing,117,0.6,52.4,9.1,198.1,0.2
azov,sugar_beet,sowing,90,-3.0,58.2,9.2,135.9,0.22
azov,sugar_beet,sowing,95,-2.2,59.7,3.4,181.0,0.13
azov,sugar_beet,sowing,94,-2.3,78.6,0.9,181.5,0.19
azov,sugar_beet,sowing,116,0.7,54.0,1.2,205.8,0.26
azov,sugar_beet,sowing,112,-0.1,55.9,8.1,192.9,0.19
azov,sugar_beet,sowing,96,-2.1,70.2,8.8,168.7,0.2
azov,sugar_beet,emergence,137,3.4,79.2,6.7,207.0,0.11
azov,sugar_beet,emergence,112,0.9,55.7,0.7,154.9,0.15
azov,sugar_beet,emergence,126,2.4,63.2,6.8,173.6,0.21
azov,sugar_beet,emergence,123,3.0,67.4,1.0,198.4,0.1
azov,sugar_beet,emergence,114,1.3,68.4,10.8,196.1,0.25
azov,sugar_beet,emergence,139,3.7,76.8,2.3,203.2,0.15
azov,sugar_beet,emergence,133,3.5,54.6,9.0,196.7,0.11
azov,sugar_beet,tillering,156,6.7,70.2,10.1,186.7,0.17
azov,sugar_beet,tillering,168,8.9,59.0,12.7,216.2,0.18
azov,sugar_beet,tillering,157,7.5,70.3,6.9,194.8,0.17
azov,sugar_beet,tillering,150,6.7,54.2,7.7,226.2,0.12
azov,sugar_beet,tillering,163,10.3,60.1,11.0,279.7,0.35
azov,sugar_beet,tillering,143,6.7,63.7,9.3,255.3,0.16
azov,sugar_beet,tillering,140,4.3,77.2,10.0,236.8,0.21
azov,sugar_beet,ripening_maturity,244,17.9,78.8,4.9,225.5,0.2
azov,sugar_beet,ripening_maturity,245,18.3,79.3,17.1,328.2,0.37
azov,sugar_beet,ripening_maturity,231,19.2,70.3,8.1,304.3,0.77
azov,sugar_beet,ripening_maturity,264,26.8,70.5,18.4,285.5,0.45
azov,sugar_beet,ripening_maturity,250,19.0,80.9,6.5,326.7,0.64
azov,sugar_beet,ripening_maturity,235,18.1,80.7,11.1,278.5,0.35
azov,sugar_beet,ripening_maturity,247,24.1,73.7,0.7,327.4,0.48
azov,soybeans,sowing,100,-1.6,58.0,4.7,10.0,0.3
azov,soybeans,sowing,93,-2.5,52.8,0.6,6.5,0.19
azov,soybeans,sowing,114,0.3,79.3,4.0,10.1,0.16
azov,soybeans,sowing,103,-0.9,76.5,1.6,7.7,0.19
azov,soybeans,sowing,118,1.6,63.7,12.3,10.4,0.31
azov,soybeans,sowing,109,-0.4,61.5,10.1,11.1,0.14
azov,soybeans,emergence,132,4.6,66.1,1.8,11.4,0.18
azov,soybeans,emergence,118,1.9,81.1,11.3,8.7,0.27
azov,soybeans,emergence,110,0.6,55.7,2.7,10.5,0.16
azov,soybeans,emergence,126,2.4,56.5,4.6,10.3,0.17
azov,soybeans,emergence,138,4.9,80.2,10.9,8.8,0.27
azov,soybeans,emergence,112,0.0,66.1,8.2,11.3,0.3
azov,soybeans,emergence,134,3.5,57.8,8.5,9.4,0.12
azov,soybeans,emergence,119,1.4,80.2,11.7,8.0,0.27
azov,soybeans,tillering,160,7.6,65.5,8.4,10.6,0.26
azov,soybeans,tillering,150,7.7,74.6,14.4,10.9,0.28
azov,soybeans,tillering,133,4.7,77.7,3.6,11.1,0.12
azov,soybeans,tillering,134,4.2,64.1,13.4,11.4,0.15
azov,soybeans,tillering,130,4.1,56.9,7.5,10.0,0.2
azov,soybeans,tillering,147,4.7,82.8,10.1,8.4,0.11
azov,soybeans,tillering,146,5.2,75.1,0.9,10.2,0.19
azov,soybeans,heading_flowering,217,18.9,79.1,1.4,16.8,0.46
azov,soybeans,heading_flowering,195,10.9,71.9,6.2,11.9,0.35
azov,soybeans,heading_flowering,214,19.4,74.1,12.9,15.7,0.84
azov,soybeans,heading_flowering,192,10.5,68.3,6.3,12.5,0.35
azov,soybeans,heading_flowering,224,16.6,57.2,13.6,16.8,0.38
azov,soybeans,heading_flowering,197,16.6,74.5,8.0,12.1,0.49
azov,soybeans,heading_flowering,231,22.4,68.9,14.8,17.8,0.9
azov,soybeans,heading_flowering,199,14.3,71.7,8.5,15.2,0.45
azov,soybeans,ripening_maturity,220,19.9,57.2,16.0,15.6,0.21
azov,soybeans,ripening_maturity,235,21.1,82.9,14.1,16.4,0.59
azov,soybeans,ripening_maturity,260,25.7,86.6,15.0,13.5,1.0
azov,soybeans,ripening_maturity,268,22.6,66.9,10.2,20.2,0.41
azov,soybeans,ripening_maturity,275,24.5,64.1,12.2,15.5,0.31
azov,soybeans,ripening_maturity,229,21.2,73.2,13.2,17.1,0.41
azov,soybeans,ripening_maturity,230,21.3,77.0,4.8,15.2,1.0
azov,flax,sowing,100,-1.5,59.8,8.8,6.2,0.23
azov,flax,sowing,119,0.8,54.6,4.7,5.1,0.15
azov,flax,sowing,99,-1.6,60.1,8.1,5.3,0.2
azov,flax,sowing,109,0.1,55.9,1.4,6.5,0.23
azov,flax,sowing,106,-0.6,67.1,11.4,7.5,0.16
azov,flax,sowing,103,-1.2,66.1,7.2,6.3,0.14
azov,flax,sowing,111,0.8,79.6,0.6,5.2,0.25
azov,flax,emergence,134,3.3,79.9,9.7,7.1,0.14
azov,flax,emergence,121,1.6,76.5,8.4,7.3,0.19
azov,flax,emergence,126,3.5,75.6,7.6,5.6,0.19
azov,flax,emergence,119,1.6,54.0,9.5,6.4,0.24
azov,flax,emergence,117,1.7,77.0,1.4,5.9,0.2
azov,flax,emergence,118,1.7,62.2,9.6,7.3,0.16
azov,flax,tillering,160,7.3,72.3,6.7,9.1,0.12
azov,flax,tillering,148,6.4,79.6,5.6,7.5,0.12
azov,flax,tillering,152,6.7,58.8,4.6,8.7,0.23
azov,flax,tillering,157,7.2,61.6,14.7,9.3,0.24
azov,flax,tillering,138,4.5,58.7,3.3,6.3,0.17
azov,flax,tillering,136,4.3,70.3,6.0,6.8,0.09
azov,flax,heading_flowering,217,18.2,67.8,17.4,11.7,0.62
azov,flax,heading_flowering,205,17.0,70.8,5.8,8.6,0.19
azov,flax,heading_flowering,190,14.2,69.4,5.3,10.6,0.43
azov,flax,heading_flowering,202,14.8,62.5,14.1,8.9,0.25
azov,flax,heading_flowering,235,17.0,63.2,18.5,11.6,0.41
azov,flax,heading_flowering,212,16.7,82.8,3.9,7.6,0.35
azov,flax,heading_flowering,197,13.8,57.1,8.8,8.3,0.47
azov,flax,heading_flowering,222,15.8,73.5,2.5,8.8,0.23
azov,flax,ripening_maturity,275,22.1,60.1,13.4,9.4,0.29
azov,flax,ripening_maturity,266,26.3,62.7,6.5,9.1,0.44
azov,flax,ripening_maturity,267,22.8,65.6,16.8,12.6,0.58
azov,flax,ripening_maturity,258,27.8,80.4,13.8,9.2,0.99
azov,flax,ripening_maturity,237,18.7,74.1,13.9,12.2,0.46
azov,flax,ripening_maturity,277,24.3,87.6,11.0,10.1,0.64
azov,flax,ripening_maturity,232,20.2,83.8,17.0,7.9,0.61
azov,mustard,sowing,114,0.3,65.9,2.8,6.4,0.11
azov,mustard,sowing,101,-1.5,75.6,8.9,4.7,0.13
azov,mustard,sowing,98,-1.9,62.9,6.4,5.3,0.15
azov,mustard,sowing,95,-2.3,54.6,0.8,4.1,0.18
azov,mustard,sowing,104,-1.0,56.8,1.0,5.9,0.18
azov,mustard,sowing,90,-3.0,59.0,1.7,4.7,0.12
azov,mustard,sowing,105,-0.3,66.3,2.1,5.7,0.13
azov,mustard,sowing,99,-1.5,71.0,2.7,5.6,0.2
azov,mustard,emergence,133,4.9,61.3,4.1,7.3,0.07
azov,mustard,emergence,125,1.6,52.0,10.0,5.7,0.18
azov,mustard,emergence,111,0.3,53.6,3.8,5.1,0.19
azov,mustard,emergence,136,4.4,52.8,7.1,6.1,0.08
azov,mustard,emergence,135,3.0,58.7,6.2,5.6,0.08
azov,mustard,emergence,128,2.9,80.1,3.5,4.3,0.18
azov,mustard,emergence,113,0.0,77.7,0.7,5.4,0.12
azov,mustard,tillering,163,9.2,75.1,3.9,7.7,0.15
azov,mustard,tillering,170,8.7,76.9,9.2,5.3,0.13
azov,mustard,tillering,139,5.5,80.3,5.5,5.7,0.12
azov,mustard,tillering,151,5.2,75.7,13.8,5.6,0.1
azov,mustard,tillering,159,9.4,73.6,7.3,7.6,0.16
azov,mustard,tillering,149,6.1,59.7,1.7,6.2,0.16
azov,mustard,tillering,137,4.1,79.8,11.6,5.8,0.11
azov,mustard,tillering,145,6.2,63.4,12.6,7.2,0.17
azov,mustard,heading_flowering,195,11.8,74.5,10.7,7.4,0.21
azov,mustard,heading_flowering,204,12.3,77.5,16.1,6.6,0.17
azov,mustard,heading_flowering,225,19.3,58.1,18.8,7.4,0.33
azov,mustard,heading_flowering,199,15.5,67.5,12.6,7.9,0.36
azov,mustard,heading_flowering,205,14.2,84.8,14.2,6.7,0.2
azov,mustard,heading_flowering,221,15.8,75.3,16.2,8.5,0.21
azov,mustard,heading_flowering,209,15.8,64.6,10.4,8.6,0.26
azov,mustard,heading_flowering,201,17.2,61.1,5.8,9.0,0.35
azov,mustard,ripening_maturity,264,25.5,80.6,8.2,8.4,0.68
azov,mustard,ripening_maturity,267,28.8,67.6,4.8,8.0,0.48
azov,mustard,ripening_maturity,279,27.6,62.5,6.4,8.0,0.3
azov,mustard,ripening_maturity,258,26.2,75.8,18.7,8.2,0.81
azov,mustard,ripening_maturity,246,18.1,64.7,9.5,9.6,0.23
azov,mustard,ripening_maturity,260,24.6,80.6,16.2,6.9,0.53
azov,mustard,ripening_maturity,233,19.5,69.8,5.2,8.7,0.27
azov,potatoes,sowing,115,1.4,65.1,0.8,146.5,0.16
azov,potatoes,sowing,99,-1.6,74.4,1.5,104.4,0.41
azov,potatoes,sowing,107,0.1,77.1,4.4,114.9,0.15
azov,potatoes,sowing,101,-1.5,75.5,4.1,114.7,0.33
azov,potatoes,sowing,97,-2.1,57.1,0.9,119.4,0.22
azov,potatoes,sowing,116,0.8,61.8,6.4,134.7,0.17
azov,potatoes,sowing,90,-3.0,51.1,5.8,122.9,0.3
azov,potatoes,sowing,118,1.8,64.3,2.0,149.7,0.24
azov,potatoes,emergence,136,3.8,59.4,4.0,133.4,0.19
azov,potatoes,emergence,138,5.7,56.9,3.2,139.1,0.39
azov,potatoes,emergence,129,2.2,62.2,8.0,136.7,0.14
azov,potatoes,emergence,132,3.8,76.9,10.6,161.9,0.39
azov,potatoes,emergence,113,0.5,67.7,4.0,126.9,0.41
azov,potatoes,emergence,112,0.1,58.8,12.0,125.5,0.29
azov,potatoes,emergence,111,0.7,64.2,3.7,147.4,0.18
azov,potatoes,tillering,161,7.1,57.8,0.9,191.2,0.39
azov,potatoes,tillering,168,8.0,58.3,4.7,148.1,0.4
azov,potatoes,tillering,155,8.2,68.0,8.2,144.6,0.29
azov,potatoes,tillering,131,3.2,73.7,11.9,114.2,0.39
azov,potatoes,tillering,152,8.2,62.1,5.0,145.2,0.31
azov,potatoes,tillering,146,6.3,79.1,12.8,155.8,0.28
azov,potatoes,tillering,151,8.2,62.8,10.9,179.3,0.3
azov,potatoes,heading_flowering,236,20.1,82.4,18.4,167.4,1.0
azov,potatoes,heading_flowering,190,13.9,77.6,15.2,146.8,0.28
azov,potatoes,heading_flowering,220,19.1,72.8,4.4,190.6,0.48
azov,potatoes,heading_flowering,232,19.6,68.9,1.3,213.6,0.74
azov,potatoes,heading_flowering,235,19.2,64.7,16.2,246.8,0.3
azov,potatoes,heading_flowering,227,18.6,78.1,2.5,197.7,1.0
azov,potatoes,heading_flowering,207,16.5,75.7,3.3,179.3,0.41
azov,potatoes,heading_flowering,223,16.0,83.0,8.1,198.5,0.58
azov,potatoes,ripening_maturity,235,23.5,69.2,6.4,188.7,0.54
azov,potatoes,ripening_maturity,248,18.1,84.2,7.6,196.6,1.0
azov,potatoes,ripening_maturity,278,24.3,81.8,21.8,222.0,0.93
azov,potatoes,ripening_maturity,237,22.2,83.0,15.0,192.3,1.0
azov,potatoes,ripening_maturity,229,17.9,81.9,7.5,216.7,0.81
azov,potatoes,ripening_maturity,269,21.1,80.1,2.0,183.7,0.65
azov,potatoes,ripening_maturity,273,24.2,66.1,2.3,247.8,1.0
azov,potatoes,ripening_maturity,256,20.4,66.7,2.0,264.4,0.47
azov,tomatoes,sowing,98,-1.9,54.7,10.3,223.9,0.24
azov,tomatoes,sowing,94,-2.4,76.3,7.4,214.1,0.23
azov,tomatoes,sowing,120,2.3,67.8,4.5,254.6,0.28
azov,tomatoes,sowing,116,1.0,65.5,10.7,244.3,0.16
azov,tomatoes,sowing,97,-1.9,55.4,7.7,183.4,0.4
azov,tomatoes,sowing,99,-1.8,55.2,4.9,168.6,0.25
azov,tomatoes,sowing,113,0.6,65.3,5.0,267.3,0.22
azov,tomatoes,sowing,114,0.5,76.2,8.6,181.1,0.26
azov,tomatoes,emergence,133,4.3,68.9,7.5,270.0,0.21
azov,tomatoes,emergence,132,4.2,80.1,12.2,179.9,0.21
azov,tomatoes,emergence,140,5.4,61.8,2.5,250.7,0.44
azov,tomatoes,emergence,111,-0.0,77.9,11.8,193.4,0.18
azov,tomatoes,emergence,139,5.2,63.2,12.3,310.5,0.32
azov,tomatoes,emergence,127,3.7,73.1,2.4,223.1,0.17
azov,tomatoes,emergence,122,1.6,57.6,7.2,228.2,0.33
azov,tomatoes,emergence,124,1.5,76.4,8.4,186.5,0.28
azov,tomatoes,tillering,155,7.8,54.9,9.8,293.7,0.43
azov,tomatoes,tillering,141,6.0,80.0,6.5,210.9,0.19
azov,tomatoes,tillering,166,8.1,57.7,6.2,303.4,0.25
azov,tomatoes,tillering,138,4.0,82.2,9.5,246.0,0.38
azov,tomatoes,tillering,130,2.4,71.1,10.3,253.8,0.38
azov,tomatoes,tillering,144,4.4,69.6,2.9,258.2,0.23
azov,tomatoes,tillering,164,9.4,64.0,14.8,249.0,0.3
azov,tomatoes,heading_flowering,221,15.0,58.1,11.4,272.0,0.6
azov,tomatoes,heading_flowering,230,21.3,83.2,7.2,300.0,1.0
azov,tomatoes,heading_flowering,211,15.1,85.0,4.7,272.7,0.86
azov,tomatoes,heading_flowering,217,14.7,57.8,13.3,289.1,0.73
azov,tomatoes,heading_flowering,220,18.9,76.0,16.3,395.6,1.0
azov,tomatoes,heading_flowering,222,15.8,73.2,8.5,307.5,0.7
azov,tomatoes,heading_flowering,234,16.3,67.7,8.3,289.2,0.44
azov,tomatoes,heading_flowering,206,16.5,56.5,6.1,302.2,0.75
azov,tomatoes,ripening_maturity,270,24.8,83.1,19.8,321.5,0.82
azov,tomatoes,ripening_maturity,241,19.8,74.9,1.7,396.3,1.0
azov,tomatoes,ripening_maturity,275,26.4,86.3,12.2,300.4,1.0
azov,tomatoes,ripening_maturity,254,25.6,72.5,4.1,363.5,1.0
azov,tomatoes,ripening_maturity,253,25.3,79.8,3.2,358.7,1.0
azov,tomatoes,ripening_maturity,251,25.3,66.2,7.0,330.2,1.0
azov,tomatoes,ripening_maturity,262,25.7,68.5,14.9,341.4,0.45
azov,onions,sowing,98,-1.7,68.2,3.7,131.3,0.17
azov,onions,sowing,94,-2.3,76.1,9.6,126.8,0.19
azov,onions,sowing,119,1.6,64.4,9.4,158.3,0.21
azov,onions,sowing,93,-2.5,55.9,3.6,165.9,0.17
azov,onions,sowing,95,-2.3,50.5,8.1,154.9,0.13
azov,onions,sowing,114,0.9,79.0,1.7,155.2,0.15
azov,onions,sowing,91,-2.9,66.3,4.5,119.0,0.23
azov,onions,sowing,113,0.9,61.6,6.7,158.1,0.1
azov,onions,emergence,138,3.3,65.1,9.3,188.1,0.26
azov,onions,emergence,121,1.9,81.1,1.2,155.5,0.16
azov,onions,emergence,131,4.1,76.9,0.9,160.1,0.24
azov,onions,emergence,130,3.0,63.5,12.6,161.7,0.17
azov,onions,emergence,140,4.0,67.1,7.6,221.7,0.11
azov,onions,emergence,134,3.8,56.3,7.3,190.5,0.2
azov,onions,emergence,120,2.0,61.9,0.7,157.1,0.15
azov,onions,tillering,165,8.5,65.5,10.9,175.2,0.16
azov,onions,tillering,169,11.1,81.0,4.1,173.4,0.38
azov,onions,tillering,167,7.7,61.4,4.9,215.4,0.17
azov,onions,tillering,166,9.6,82.7,11.9,178.6,0.24
azov,onions,tillering,135,4.1,64.7,1.5,222.2,0.14
azov,onions,tillering,162,8.7,67.1,9.3,197.5,0.23
azov,onions,tillering,138,4.5,70.3,7.6,217.1,0.23
azov,onions,ripening_maturity,279,28.7,71.7,9.0,218.6,0.37
azov,onions,ripening_maturity,244,19.9,62.0,1.8,272.9,0.25
azov,onions,ripening_maturity,238,19.7,83.2,3.5,189.3,0.73
azov,onions,ripening_maturity,234,17.1,85.2,12.6,196.2,0.24
azov,onions,ripening_maturity,270,21.1,84.6,4.0,255.6,0.55
azov,onions,ripening_maturity,230,21.9,74.8,10.3,304.2,0.71
azov,onions,ripening_maturity,226,19.0,65.7,7.4,315.4,0.39
azov,onions,ripening_maturity,222,18.4,83.7,9.3,265.0,0.49
azov,apples,sowing,95,-2.3,63.2,4.6,106.9,0.37
azov,apples,sowing,93,-2.5,56.5,1.3,97.7,0.36
azov,apples,sowing,113,0.4,54.1,5.6,94.7,0.16
azov,apples,sowing,103,-1.0,61.7,5.8,117.0,0.24
azov,apples,sowing,110,-0.1,62.1,7.4,101.9,0.18
azov,apples,sowing,96,-2.0,64.7,10.5,112.8,0.15
azov,apples,sowing,112,-0.1,60.8,3.7,102.9,0.37
azov,apples,tillering,145,6.2,56.1,13.7,137.1,0.28
azov,apples,tillering,164,7.4,66.2,10.3,147.4,0.22
azov,apples,tillering,148,5.8,64.9,6.4,121.1,0.21
azov,apples,tillering,159,6.7,65.1,2.8,164.4,0.36
azov,apples,tillering,137,4.2,52.6,7.3,99.0,0.34
azov,apples,tillering,161,6.3,67.3,2.8,146.8,0.35
azov,apples,tillering,151,8.2,62.2,5.1,122.9,0.35
azov,apples,heading_flowering,235,19.9,78.6,10.8,176.6,0.99
azov,apples,heading_flowering,190,10.7,69.3,7.6,169.0,0.56
azov,apples,heading_flowering,232,22.8,86.9,12.7,155.1,1.0
azov,apples,heading_flowering,224,21.6,78.2,5.8,141.7,0.54
azov,apples,heading_flowering,195,14.6,84.4,4.1,140.2,0.55
azov,apples,heading_flowering,202,12.8,70.0,15.6,153.1,0.46
azov,apples,heading_flowering,233,16.2,74.7,6.8,139.3,0.41
azov,apples,ripening_maturity,245,22.9,65.8,15.7,175.8,0.49
azov,apples,ripening_maturity,270,25.3,76.7,10.8,180.3,1.0
azov,apples,ripening_maturity,238,20.0,64.6,7.4,154.7,0.73
azov,apples,ripening_maturity,271,25.7,84.3,2.1,140.4,1.0
azov,apples,ripening_maturity,244,24.6,63.1,9.8,194.9,0.55
azov,apples,ripening_maturity,273,30.2,70.4,3.5,147.1,0.4
azov,apples,ripening_maturity,250,22.8,73.5,12.5,188.4,0.5
azov,apples,ripening_maturity,276,21.5,66.3,1.0,215.3,0.48
azov,plums,sowing,115,1.1,73.8,6.7,83.4,0.2
azov,plums,sowing,99,-1.5,60.9,7.0,70.5,0.34
azov,plums,sowing,104,-0.8,75.1,6.1,86.8,0.28
azov,plums,sowing,97,-1.9,78.3,7.3,56.6,0.31
azov,plums,sowing,106,-0.3,60.3,9.4,68.9,0.29
azov,plums,sowing,111,-0.1,52.9,10.7,67.4,0.18
azov,plums,sowing,114,0.2,55.7,7.4,84.1,0.13
azov,plums,tillering,159,9.6,71.8,7.5,115.3,0.19
azov,plums,tillering,163,10.1,82.5,14.2,85.3,0.33
azov,plums,tillering,162,9.1,79.2,5.7,85.3,0.25
azov,plums,tillering,160,6.9,77.8,7.4,102.2,0.23
azov,plums,tillering,138,4.8,54.1,3.9,92.5,0.31
azov,plums,tillering,134,3.2,75.7,3.1,93.4,0.21
azov,plums,tillering,152,8.1,77.0,13.3,84.6,0.23
azov,plums,tillering,141,6.1,79.0,11.3,79.1,0.2
azov,plums,heading_flowering,234,21.5,71.9,14.6,147.2,0.63
azov,plums,heading_flowering,211,18.0,62.8,9.7,121.0,0.57
azov,plums,heading_flowering,239,19.5,64.0,14.1,118.0,0.66
azov,plums,heading_flowering,228,18.0,76.7,17.3,117.8,0.37
azov,plums,heading_flowering,232,18.4,78.6,3.8,113.7,0.53
azov,plums,heading_flowering,195,12.8,73.9,15.1,131.8,0.49
azov,plums,heading_flowering,237,23.8,78.9,6.9,106.9,0.58
azov,plums,ripening_maturity,258,19.8,68.1,10.7,143.7,0.38
azov,plums,ripening_maturity,255,25.6,85.2,19.9,108.4,1.0
azov,plums,ripening_maturity,270,25.9,87.8,11.3,120.9,1.0
azov,plums,ripening_maturity,231,19.9,57.8,6.7,110.0,0.46
azov,plums,ripening_maturity,233,18.9,60.5,15.3,144.3,0.65
azov,plums,ripening_maturity,263,20.5,76.7,1.1,108.3,0.94
azov,plums,ripening_maturity,234,16.2,74.8,16.3,130.2,0.28
azov,plums,ripening_maturity,274,22.1,65.8,7.1,162.8,0.35
azov,grapes,sowing,97,-1.8,66.3,10.8,56.9,0.23
azov,grapes,sowing,105,-0.3,72.0,11.8,66.5,0.13
azov,grapes,sowing,116,0.9,54.4,5.1,71.4,0.36
azov,grapes,sowing,107,-0.4,69.9,9.8,57.9,0.17
azov,grapes,sowing,108,-0.0,53.7,5.5,53.1,0.18
azov,grapes,sowing,101,-1.0,73.5,6.9,65.4,0.19
azov,grapes,tillering,131,3.8,78.3,13.0,62.0,0.31
azov,grapes,tillering,161,6.4,78.6,10.8,75.9,0.14
azov,grapes,tillering,152,8.2,79.1,4.5,64.4,0.23
azov,grapes,tillering,147,7.4,60.9,7.0,93.8,0.14
azov,grapes,tillering,136,4.4,53.4,12.4,56.1,0.24
azov,grapes,tillering,140,4.0,74.7,10.2,67.3,0.34
azov,grapes,tillering,155,6.5,55.3,11.8,78.4,0.2
azov,grapes,heading_flowering,225,20.0,71.4,7.4,102.2,0.5
azov,grapes,heading_flowering,191,14.9,70.8,12.4,79.0,0.42
azov,grapes,heading_flowering,233,16.8,80.5,12.1,102.5,0.53
azov,grapes,heading_flowering,210,16.7,79.9,15.8,99.1,0.49
azov,grapes,heading_flowering,204,14.8,60.9,4.0,113.9,0.68
azov,grapes,heading_flowering,219,18.7,74.3,8.6,90.4,0.58
azov,grapes,heading_flowering,213,14.6,75.1,10.9,109.2,0.27
azov,grapes,heading_flowering,195,14.7,83.6,3.2,88.4,0.36
azov,grapes,ripening_maturity,274,24.6,69.2,18.7,95.8,0.48
azov,grapes,ripening_maturity,253,23.8,66.0,18.0,96.4,0.38
azov,grapes,ripening_maturity,268,24.0,68.9,11.7,117.8,0.87
azov,grapes,ripening_maturity,231,22.0,70.6,7.6,132.9,0.87
azov,grapes,ripening_maturity,276,25.6,62.7,21.3,109.3,0.54
azov,grapes,ripening_maturity,234,18.4,60.4,13.8,116.2,0.38
south,winter_wheat,sowing,106,0.7,47.5,3.4,18.0,0.19
south,winter_wheat,sowing,95,-1.1,60.8,4.8,23.4,0.13
south,winter_wheat,sowing,110,0.8,65.4,2.0,21.6,0.13
south,winter_wheat,sowing,114,1.3,57.7,9.5,26.6,0.1
south,winter_wheat,sowing,113,1.7,56.5,0.4,28.6,0.09
south,winter_wheat,tillering,140,7.1,50.9,3.0,21.7,0.1
south,winter_wheat,tillering,136,5.5,53.7,6.5,23.9,0.11
south,winter_wheat,tillering,158,8.9,54.2,5.5,24.5,0.25
south,winter_wheat,tillering,139,6.8,62.5,8.9,34.1,0.13
south,winter_wheat,tillering,157,9.7,45.1,11.6,26.4,0.14
south,winter_wheat,tillering,147,8.1,75.7,8.8,25.9,0.15
south,winter_wheat,tillering,131,3.7,43.5,1.7,20.5,0.13
south,winter_wheat,tillering,168,11.4,69.5,11.6,37.0,0.47
south,winter_wheat,booting,179,9.7,62.0,4.9,33.6,0.21
south,winter_wheat,booting,189,12.5,64.2,3.9,32.1,0.36
south,winter_wheat,booting,165,11.8,49.8,9.9,32.9,0.29
south,winter_wheat,booting,170,10.3,72.5,9.9,28.4,0.39
south,winter_wheat,booting,196,17.3,65.3,9.9,45.5,0.43
south,winter_wheat,booting,186,14.3,53.2,5.2,28.8,0.35
south,winter_wheat,booting,190,12.8,58.5,9.9,32.5,0.25
south,winter_wheat,heading_flowering,216,18.7,71.0,4.5,40.3,0.6
south,winter_wheat,heading_flowering,208,19.5,68.2,2.4,36.0,0.56
south,winter_wheat,heading_flowering,195,14.0,68.8,11.3,38.2,0.42
south,winter_wheat,heading_flowering,227,23.1,69.7,7.3,38.7,0.38
south,winter_wheat,heading_flowering,224,17.8,53.9,4.3,34.2,0.34
south,winter_wheat,heading_flowering,210,14.1,56.6,4.5,29.4,0.32
south,winter_wheat,heading_flowering,203,16.0,49.4,11.4,34.3,0.43
south,winter_wheat,ripening_maturity,236,21.4,69.8,15.2,40.2,0.59
south,winter_wheat,ripening_maturity,220,20.2,76.0,11.4,33.1,0.79
south,winter_wheat,ripening_maturity,226,21.3,55.5,0.2,46.1,0.33
south,winter_wheat,ripening_maturity,222,17.8,48.0,8.3,40.0,0.38
south,winter_wheat,ripening_maturity,233,21.0,50.2,15.0,39.1,0.49
south,winter_wheat,ripening_maturity,262,25.9,70.5,12.5,43.3,0.67
south,winter_wheat,ripening_maturity,270,23.3,53.6,12.8,39.7,0.36
south,winter_wheat,ripening_maturity,249,23.4,59.3,3.9,41.3,0.39
south,spring_barley,sowing,108,1.0,58.2,8.7,16.9,0.19
south,spring_barley,sowing,95,-1.2,52.0,5.3,18.2,0.1
south,spring_barley,sowing,97,-0.8,53.8,4.6,19.2,0.2
south,spring_barley,sowing,91,-1.9,54.4,4.8,17.9,0.12
south,spring_barley,sowing,99,-0.5,55.7,1.2,15.8,0.15
south,spring_barley,sowing,109,1.0,62.8,2.5,21.6,0.21
south,spring_barley,emergence,111,1.4,49.5,4.8,15.3,0.21
south,spring_barley,emergence,114,2.3,69.9,6.2,22.2,0.19
south,spring_barley,emergence,126,3.6,67.3,6.5,19.8,0.11
south,spring_barley,emergence,131,5.1,42.2,3.2,18.5,0.22
south,spring_barley,emergence,121,3.1,56.1,6.0,20.2,0.22
south,spring_barley,emergence,116,2.6,55.4,4.1,15.5,0.22
south,spring_barley,emergence,140,6.6,72.9,10.8,23.8,0.2
south,spring_barley,emergence,120,2.4,67.2,6.4,18.1,0.28
south,spring_barley,tillering,160,10.9,43.9,3.4,18.9,0.21
south,spring_barley,tillering,150,8.1,70.9,3.2,23.2,0.23
south,spring_barley,tillering,138,5.8,59.8,7.3,19.6,0.21
south,spring_barley,tillering,164,8.8,57.7,3.6,21.3,0.26
south,spring_barley,tillering,146,5.5,69.0,5.8,20.9,0.13
south,spring_barley,tillering,132,5.7,67.7,10.9,24.3,0.14
south,spring_barley,tillering,155,7.7,43.7,8.3,17.8,0.26
south,spring_barley,tillering,151,7.6,77.0,3.0,23.9,0.25
south,spring_barley,heading_flowering,195,15.1,50.6,10.6,22.9,0.52
south,spring_barley,heading_flowering,196,16.3,53.8,10.6,31.6,0.55
south,spring_barley,heading_flowering,240,21.0,82.3,6.2,29.9,0.53
south,spring_barley,heading_flowering,227,20.3,81.4,7.1,30.4,0.83
south,spring_barley,heading_flowering,231,21.5,57.6,7.8,27.1,0.39
south,spring_barley,heading_flowering,233,20.8,60.8,6.2,33.5,0.26
south,spring_barley,heading_flowering,208,16.8,60.1,7.9,31.4,0.57
south,spring_barley,heading_flowering,199,12.7,76.2,10.4,23.5,0.4
south,spring_barley,ripening_maturity,221,15.4,81.5,4.4,29.7,0.6
south,spring_barley,ripening_maturity,245,18.7,51.0,8.0,27.1,0.44
south,spring_barley,ripening_maturity,238,24.7,66.5,11.2,37.8,0.39
south,spring_barley,ripening_maturity,275,25.4,77.1,12.3,28.1,0.74
south,spring_barley,ripening_maturity,243,26.0,53.5,8.9,23.9,0.33
south,spring_barley,ripening_maturity,229,23.1,54.2,15.4,28.1,0.46
south,spring_barley,ripening_maturity,270,23.9,71.1,1.4,31.2,0.67
south,spring_barley,ripening_maturity,230,23.5,58.8,15.4,28.1,0.24
south,corn,sowing,91,-1.9,74.9,3.3,32.0,0.29
south,corn,sowing,114,2.3,73.8,0.3,45.2,0.12
south,corn,sowing,92,-1.7,68.4,5.4,37.5,0.23
south,corn,sowing,102,-0.3,50.2,8.8,27.4,0.25
south,corn,sowing,103,0.1,59.2,4.7,31.0,0.14
south,corn,sowing,113,1.5,43.8,5.6,34.8,0.32
south,corn,emergence,127,3.7,71.3,2.2,42.5,0.28
south,corn,emergence,111,1.8,72.8,7.9,41.7,0.17
south,corn,emergence,126,4.5,74.5,9.6,35.2,0.3
south,corn,emergence,134,4.5,50.9,6.8,33.3,0.24
south,corn,emergence,122,3.0,63.4,0.9,37.7,0.19
south,corn,emergence,114,1.7,45.0,4.1,36.4,0.32
south,corn,emergence,129,4.7,43.5,9.0,36.5,0.23
south,corn,tillering,145,7.0,62.3,1.2,52.1,0.25
south,corn,tillering,138,6.4,66.3,10.2,55.1,0.12
south,corn,tillering,130,3.5,58.2,8.6,33.3,0.13
south,corn,tillering,153,9.5,63.3,3.0,58.7,0.3
south,corn,tillering,144,6.0,52.1,7.6,42.4,0.19
south,corn,tillering,151,8.8,52.0,10.2,44.8,0.25
south,corn,tillering,162,10.2,50.2,1.6,51.7,0.57
south,corn,tillering,164,10.3,48.2,6.4,36.0,0.4
south,corn,heading_flowering,238,21.3,48.4,9.8,65.2,0.33
south,corn,heading_flowering,216,20.9,50.4,0.7,61.0,0.65
south,corn,heading_flowering,218,16.2,56.0,10.6,66.5,0.54
south,corn,heading_flowering,226,17.1,63.3,9.4,57.9,0.45
south,corn,heading_flowering,205,15.9,46.6,2.7,49.9,0.6
south,corn,heading_flowering,227,20.2,52.4,4.2,55.7,0.29
south,corn,heading_flowering,222,15.9,72.1,5.4,68.4,0.36
south,corn,ripening_maturity,267,28.0,54.4,4.3,56.7,0.67
south,corn,ripening_maturity,257,28.1,51.6,15.5,53.0,0.43
south,corn,ripening_maturity,242,24.9,54.2,14.0,59.7,0.62
south,corn,ripening_maturity,230,20.2,67.3,0.5,71.5,0.82
south,corn,ripening_maturity,220,21.1,60.2,9.0,75.1,0.32
south,corn,ripening_maturity,262,23.2,66.8,13.3,72.6,0.42
south,corn,ripening_maturity,237,24.7,81.0,11.2,55.8,0.61
south,corn,ripening_maturity,232,18.8,57.5,14.3,57.2,0.25
south,oats,sowing,115,1.4,54.7,7.9,15.3,0.22
south,oats,sowing,97,-0.9,61.5,2.0,13.8,0.22
south,oats,sowing,104,0.5,59.5,2.9,15.2,0.13
south,oats,sowing,114,2.3,50.4,1.1,13.3,0.19
south,oats,sowing,107,1.0,66.9,9.1,14.8,0.1
south,oats,sowing,118,1.9,47.0,4.4,12.2,0.19
south,oats,sowing,98,-0.7,55.6,6.4,14.6,0.13
south,oats,tillering,135,5.8,66.8,2.3,16.3,0.21
south,oats,tillering,136,5.8,67.8,3.2,20.0,0.22
south,oats,tillering,134,5.1,56.9,1.5,17.0,0.18
south,oats,tillering,151,8.0,43.6,9.1,18.6,0.2
south,oats,tillering,165,10.2,49.9,4.0,15.7,0.38
south,oats,tillering,160,10.6,52.7,1.4,19.8,0.33
south,oats,tillering,150,7.6,71.4,3.2,20.6,0.13
south,oats,tillering,154,6.7,63.2,5.3,16.5,0.11
south,oats,booting,166,8.8,78.0,1.8,16.7,0.1
south,oats,booting,161,10.9,59.8,2.7,24.0,0.24
south,oats,booting,171,12.5,72.7,12.5,21.6,0.25
south,oats,booting,192,14.8,75.1,3.3,26.0,0.22
south,oats,booting,195,14.2,49.5,10.0,19.0,0.2
south,oats,booting,193,13.5,58.6,10.4,22.9,0.16
south,oats,heading_flowering,203,15.4,54.1,1.0,22.5,0.39
south,oats,heading_flowering,202,16.0,59.6,8.3,29.9,0.41
south,oats,heading_flowering,197,12.4,67.0,8.9,27.3,0.34
south,oats,heading_flowering,236,24.8,69.2,7.5,22.7,0.67
south,oats,heading_flowering,235,18.3,65.0,1.6,32.7,0.34
south,oats,heading_flowering,215,16.4,51.9,11.9,19.1,0.17
south,oats,heading_flowering,210,17.0,60.5,0.8,30.5,0.44
south,oats,heading_flowering,227,16.1,49.1,3.1,21.9,0.16
south,oats,ripening_maturity,254,23.2,58.8,13.6,27.3,0.35
south,oats,ripening_maturity,262,22.1,60.7,15.7,31.8,0.25
south,oats,ripening_maturity,228,18.7,71.6,14.6,27.5,0.29
south,oats,ripening_maturity,253,27.4,62.3,10.7,30.1,0.33
south,oats,ripening_maturity,279,26.7,81.6,0.6,22.4,0.86
south,oats,ripening_maturity,273,30.8,83.1,2.3,17.2,0.86
south,oats,ripening_maturity,232,21.2,79.7,1.9,22.3,0.52
south,oats,ripening_maturity,247,22.9,80.4,2.1,20.6,0.81
south,rye,sowing,114,2.0,54.1,8.0,14.8,0.08
south,rye,sowing,104,0.2,45.4,8.0,13.8,0.14
south,rye,sowing,103,0.3,68.2,6.4,17.3,0.21
south,rye,sowing,94,-1.5,64.5,1.8,14.2,0.18
south,rye,sowing,108,0.7,55.2,5.7,16.1,0.11
south,rye,sowing,93,-1.5,68.6,6.0,16.8,0.17
south,rye,sowing,110,1.0,73.9,0.9,20.0,0.1
south,rye,sowing,96,-1.1,42.1,4.7,13.1,0.08
south,rye,tillering,146,7.5,61.8,2.5,22.3,0.1
south,rye,tillering,169,11.7,60.3,2.1,26.4,0.19
south,rye,tillering,160,7.8,49.6,0.3,18.0,0.08
south,rye,tillering,145,6.3,67.6,8.7,23.1,0.2
south,rye,tillering,158,8.9,76.2,4.2,24.9,0.12
south,rye,tillering,170,11.0,50.5,8.6,25.5,0.37
south,rye,booting,189,15.6,63.6,12.2,25.6,0.16
south,rye,booting,183,11.6,69.9,12.8,25.9,0.39
south,rye,booting,198,17.0,65.9,9.6,30.0,0.33
south,rye,booting,163,9.5,63.2,2.7,26.3,0.12
south,rye,booting,178,9.9,74.2,8.9,25.1,0.09
south,rye,booting,179,14.1,49.9,10.7,25.8,0.34
south,rye,booting,199,12.7,53.1,8.0,24.6,0.18
south,rye,heading_flowering,193,16.4,75.8,13.9,26.2,0.35
south,rye,heading_flowering,203,17.6,58.4,11.1,32.5,0.34
south,rye,heading_flowering,209,18.1,77.8,2.1,23.3,0.6
south,rye,heading_flowering,191,11.6,69.0,4.7,24.0,0.33
south,rye,heading_flowering,195,12.6,60.2,12.8,23.2,0.36
south,rye,heading_flowering,210,14.5,80.3,8.5,19.6,0.24
south,rye,heading_flowering,220,21.8,62.0,7.5,28.5,0.23
south,rye,heading_flowering,218,15.4,67.0,2.2,22.2,0.25
south,rye,ripening_maturity,239,20.1,65.5,12.1,26.9,0.22
south,rye,ripening_maturity,278,23.6,51.5,9.4,24.1,0.17
south,rye,ripening_maturity,225,18.3,77.1,12.7,21.7,0.45
south,rye,ripening_maturity,240,23.8,69.2,6.0,25.8,0.5
south,rye,ripening_maturity,237,22.1,76.1,9.4,31.7,0.69
south,rye,ripening_maturity,265,25.7,62.1,13.0,33.1,0.39
south,rye,ripening_maturity,259,29.0,52.2,5.8,20.3,0.37
south,rye,ripening_maturity,232,17.1,60.6,11.4,25.7,0.32
south,millet,sowing,108,0.4,56.5,9.0,9.6,0.09
south,millet,sowing,110,1.1,66.0,0.3,10.7,0.16
south,millet,sowing,111,1.6,67.1,0.6,12.4,0.14
south,millet,sowing,96,-0.9,60.2,2.0,9.5,0.15
south,millet,sowing,106,0.5,65.0,5.6,11.1,0.16
south,millet,sowing,98,-0.8,63.5,3.2,12.3,0.08
south,millet,sowing,104,-0.0,50.7,1.3,7.9,0.16
south,millet,sowing,117,2.2,45.9,4.9,8.5,0.15
south,millet,emergence,124,3.5,61.4,8.2,13.4,0.15
south,millet,emergence,128,3.3,45.9,5.1,10.8,0.11
south,millet,emergence,118,2.2,61.5,7.5,11.9,0.16
south,millet,emergence,134,5.0,65.7,8.9,11.7,0.08
south,millet,emergence,140,6.2,44.5,1.3,11.8,0.11
south,millet,emergence,137,5.1,45.7,4.6,9.4,0.15
south,millet,emergence,138,6.3,70.0,2.7,11.4,0.14
south,millet,emergence,139,4.5,66.7,3.1,10.6,0.06
south,millet,tillering,141,5.1,53.7,6.8,11.1,0.07
south,millet,tillering,131,4.0,65.2,1.3,13.1,0.08
south,millet,tillering,159,8.7,77.1,8.9,14.6,0.1
south,millet,tillering,151,6.5,53.9,9.2,11.3,0.11
south,millet,tillering,162,9.1,49.9,6.0,11.3,0.13
south,millet,tillering,137,5.5,45.6,7.3,9.3,0.11
south,millet,tillering,134,5.6,50.0,0.9,11.6,0.15
south,millet,tillering,163,10.4,77.2,3.4,11.3,0.24
south,millet,heading_flowering,227,16.7,61.4,12.8,17.8,0.18
south,millet,heading_flowering,206,16.6,50.8,5.1,15.4,0.35
south,millet,heading_flowering,231,17.0,80.9,2.5,16.6,0.28
south,millet,heading_flowering,211,17.3,58.7,3.7,14.2,0.26
south,millet,heading_flowering,199,16.5,62.5,4.2,16.4,0.34
south,millet,heading_flowering,239,19.3,80.6,12.8,13.1,0.56
south,millet,heading_flowering,201,14.5,73.8,5.0,14.0,0.18
south,millet,heading_flowering,218,16.6,57.5,9.1,14.3,0.15
south,millet,ripening_maturity,276,28.9,62.7,9.9,18.5,0.23
south,millet,ripening_maturity,236,24.6,74.6,3.5,16.3,0.39
south,millet,ripening_maturity,264,27.3,77.5,6.1,18.3,0.31
south,millet,ripening_maturity,280,30.5,77.3,17.2,13.2,0.38
south,millet,ripening_maturity,245,18.9,60.0,7.6,19.2,0.29
south,millet,ripening_maturity,232,20.5,52.9,2.2,13.7,0.28
south,millet,ripening_maturity,271,30.5,70.8,0.9,13.2,0.47
south,millet,ripening_maturity,250,21.9,77.8,10.8,18.9,0.57
south,sorghum,sowing,109,1.0,51.7,9.2,11.2,0.18
south,sorghum,sowing,100,-0.3,42.6,2.2,12.7,0.16
south,sorghum,sowing,110,0.6,48.2,7.8,10.8,0.15
south,sorghum,sowing,111,0.9,74.6,2.4,12.8,0.09
south,sorghum,sowing,108,0.6,51.8,6.8,12.8,0.13
south,sorghum,sowing,117,2.4,75.9,6.1,11.1,0.08
south,sorghum,sowing,92,-1.7,53.1,0.9,13.2,0.16
south,sorghum,sowing,116,2.7,75.8,8.9,15.9,0.11
south,sorghum,emergence,133,4.2,73.9,10.1,14.3,0.09
south,sorghum,emergence,126,3.0,74.8,8.1,11.2,0.19
south,sorghum,emergence,127,3.1,54.7,1.1,13.8,0.2
south,sorghum,emergence,131,5.0,48.6,7.4,16.1,0.12
south,sorghum,emergence,124,3.1,57.3,2.2,14.1,0.1
south,sorghum,emergence,121,3.1,69.5,7.9,12.4,0.22
south,sorghum,emergence,117,2.5,57.8,5.2,12.0,0.2
south,sorghum,tillering,157,10.2,52.8,4.0,19.6,0.44
south,sorghum,tillering,170,10.1,52.7,6.7,19.0,0.28
south,sorghum,tillering,145,7.4,48.3,11.3,13.9,0.17
south,sorghum,tillering,146,6.7,67.5,11.6,18.0,0.19
south,sorghum,tillering,143,6.3,49.3,3.7,16.0,0.14
south,sorghum,tillering,161,9.8,52.9,2.7,16.8,0.08
south,sorghum,tillering,169,8.9,48.7,1.8,16.6,0.13
south,sorghum,tillering,165,10.8,74.0,2.9,17.0,0.44
south,sorghum,heading_flowering,235,17.8,62.0,8.8,21.9,0.42
south,sorghum,heading_flowering,232,22.7,62.4,15.7,23.4,0.19
south,sorghum,heading_flowering,234,19.5,50.1,5.4,19.9,0.44
south,sorghum,heading_flowering,214,19.6,69.5,12.2,23.4,0.23
south,sorghum,heading_flowering,204,13.3,53.7,6.7,17.1,0.36
south,sorghum,heading_flowering,201,17.4,80.4,4.2,17.8,0.42
south,sorghum,heading_flowering,222,18.8,68.5,5.2,24.2,0.43
south,sorghum,heading_flowering,195,12.1,50.3,2.8,15.4,0.37
south,sorghum,ripening_maturity,249,23.0,61.0,16.4,19.9,0.33
south,sorghum,ripening_maturity,250,21.1,80.1,12.1,22.8,0.76
south,sorghum,ripening_maturity,239,18.7,78.7,12.1,22.2,0.52
south,sorghum,ripening_maturity,258,24.7,79.2,10.7,21.1,0.32
south,sorghum,ripening_maturity,247,24.5,72.5,7.7,18.8,0.37
south,sorghum,ripening_maturity,256,27.3,59.1,10.9,17.3,0.29
south,sorghum,ripening_maturity,275,29.3,73.1,13.3,17.2,0.3
south,sorghum,ripening_maturity,263,23.5,74.9,9.5,20.3,0.27
south,peas,sowing,118,1.7,65.9,3.0,12.1,0.26
south,peas,sowing,103,0.2,54.2,4.9,10.9,0.13
south,peas,sowing,112,2.0,59.7,9.3,11.0,0.28
south,peas,sowing,107,0.5,57.1,7.2,9.7,0.36
south,peas,sowing,111,1.0,62.4,6.3,12.1,0.25
south,peas,sowing,114,1.4,70.6,8.1,10.5,0.22
south,peas,sowing,99,-0.4,51.1,7.0,11.4,0.2
south,peas,sowing,102,0.1,66.8,5.1,12.9,0.25
south,peas,emergence,119,3.0,58.6,4.1,14.5,0.25
south,peas,emergence,138,5.2,50.4,9.2,14.2,0.18
south,peas,emergence,111,1.3,45.4,5.5,10.8,0.37
south,peas,emergence,112,1.8,71.3,9.0,11.3,0.29
south,peas,emergence,139,5.0,60.3,10.9,16.3,0.3
south,peas,emergence,122,3.5,54.9,9.5,11.4,0.37
south,peas,tillering,164,10.4,61.9,5.9,15.7,0.68
south,peas,tillering,136,4.7,68.4,4.1,15.8,0.21
south,peas,tillering,162,7.6,57.3,4.4,16.3,0.37
south,peas,tillering,132,5.3,66.7,10.6,16.2,0.14
south,peas,tillering,148,6.2,48.3,4.3,11.7,0.31
south,peas,tillering,169,11.7,78.5,10.3,12.1,0.39
south,peas,tillering,158,7.5,69.9,3.1,11.9,0.35
south,peas,heading_flowering,216,18.7,79.1,7.6,20.4,0.72
south,peas,heading_flowering,205,17.0,73.3,6.9,20.0,0.71
south,peas,heading_flowering,206,19.3,47.0,13.1,13.7,0.43
south,peas,heading_flowering,195,14.4,49.8,1.0,18.7,0.56
south,peas,heading_flowering,225,21.2,54.7,3.6,17.7,0.54
south,peas,heading_flowering,211,18.9,68.3,5.1,21.6,1.0
south,peas,heading_flowering,228,21.9,74.9,14.8,23.1,0.44
south,peas,ripening_maturity,246,20.2,75.5,13.2,21.4,0.97
south,peas,ripening_maturity,270,24.8,50.5,2.3,17.4,0.66
south,peas,ripening_maturity,227,22.8,81.8,6.8,18.7,1.0
south,peas,ripening_maturity,236,21.4,50.8,7.6,15.9,0.29
south,peas,ripening_maturity,280,31.7,84.2,9.3,16.2,0.93
south,peas,ripening_maturity,266,22.9,79.8,11.0,20.1,0.87
south,peas,ripening_maturity,222,21.0,68.7,14.6,18.7,0.43
south,peas,ripening_maturity,262,24.5,63.9,2.9,18.7,0.71
south,chickpeas,sowing,118,2.4,54.4,2.9,8.1,0.23
south,chickpeas,sowing,117,2.3,51.1,9.1,9.5,0.32
south,chickpeas,sowing,90,-2.0,40.6,1.5,6.4,0.29
south,chickpeas,sowing,103,0.3,60.4,6.3,11.2,0.29
south,chickpeas,sowing,101,-0.0,41.7,2.7,8.4,0.26
south,chickpeas,sowing,99,-0.6,53.9,7.4,7.6,0.33
south,chickpeas,sowing,91,-1.8,58.9,0.5,8.5,0.33
south,chickpeas,emergence,118,2.8,48.0,2.6,10.3,0.13
south,chickpeas,emergence,128,4.1,56.1,2.2,11.7,0.22
south,chickpeas,emergence,122,3.7,45.4,10.4,8.4,0.13
south,chickpeas,emergence,116,2.0,63.4,3.5,12.1,0.27
south,chickpeas,emergence,127,3.4,45.5,3.0,8.8,0.13
south,chickpeas,emergence,115,1.9,60.3,3.2,10.9,0.26
south,chickpeas,emergence,112,1.8,69.9,6.8,10.2,0.29
south,chickpeas,emergence,138,5.5,43.0,5.1,10.6,0.29
south,chickpeas,tillering,167,9.1,60.3,7.2,15.3,0.26
south,chickpeas,tillering,166,10.2,63.8,1.5,13.2,0.26
south,chickpeas,tillering,140,6.5,59.9,0.5,12.3,0.21
south,chickpeas,tillering,145,6.4,53.3,9.0,12.7,0.28
south,chickpeas,tillering,148,5.7,58.7,8.0,9.5,0.2
south,chickpeas,tillering,157,8.6,75.9,2.6,12.4,0.26
south,chickpeas,tillering,152,6.9,59.4,2.4,12.3,0.22
south,chickpeas,heading_flowering,223,21.8,62.0,12.5,16.6,0.61
south,chickpeas,heading_flowering,213,15.1,69.2,3.0,14.3,0.3
south,chickpeas,heading_flowering,234,17.1,79.7,6.2,16.6,0.57
south,chickpeas,heading_flowering,233,22.0,72.2,5.8,19.3,0.77
south,chickpeas,heading_flowering,240,21.7,71.3,4.7,16.9,0.57
south,chickpeas,heading_flowering,191,13.3,68.5,9.1,16.4,0.29
south,chickpeas,heading_flowering,202,13.5,62.7,1.4,11.8,0.64
south,chickpeas,heading_flowering,237,23.9,49.8,3.8,13.3,0.4
south,chickpeas,ripening_maturity,230,19.3,66.7,12.2,14.0,0.92
south,chickpeas,ripening_maturity,261,24.5,74.4,11.7,13.2,0.43
south,chickpeas,ripening_maturity,243,18.2,56.1,6.9,12.9,0.27
south,chickpeas,ripening_maturity,272,30.7,53.3,3.6,15.7,0.23
south,chickpeas,ripening_maturity,223,19.8,51.5,0.2,17.5,0.47
south,chickpeas,ripening_maturity,278,30.2,72.5,8.6,11.4,0.84
south,chickpeas,ripening_maturity,256,27.9,49.6,12.0,12.5,0.31
south,sunflower,sowing,111,0.8,67.0,2.9,12.2,0.3
south,sunflower,sowing,118,3.2,65.1,0.9,10.6,0.28
south,sunflower,sowing,101,-0.5,63.6,4.9,8.8,0.29
south,sunflower,sowing,119,1.9,48.1,4.4,8.4,0.13
south,sunflower,sowing,91,-1.8,43.3,8.2,8.2,0.18
south,sunflower,sowing,99,-0.8,43.9,8.1,8.6,0.25
south,sunflower,sowing,115,1.9,55.1,9.4,10.9,0.24
south,sunflower,emergence,119,2.3,51.5,3.3,11.2,0.29
south,sunflower,emergence,120,2.5,75.6,4.6,9.7,0.14
south,sunflower,emergence,137,5.4,55.9,6.1,11.6,0.17
south,sunflower,emergence,127,4.3,68.1,5.5,10.2,0.12
south,sunflower,emergence,123,3.8,65.5,8.9,13.8,0.28
south,sunflower,emergence,113,1.6,75.6,3.1,9.5,0.23
south,sunflower,tillering,158,8.4,76.5,6.4,13.0,0.22
south,sunflower,tillering,154,7.7,62.7,11.3,14.7,0.17
south,sunflower,tillering,157,7.3,50.1,3.7,13.9,0.13
south,sunflower,tillering,144,5.3,46.4,7.9,9.0,0.22
south,sunflower,tillering,162,7.9,71.9,9.8,10.8,0.18
south,sunflower,tillering,170,12.5,45.9,10.2,14.1,0.3
south,sunflower,tillering,151,6.6,56.2,6.3,10.4,0.24
south,sunflower,heading_flowering,197,16.5,74.1,8.2,14.2,0.47
south,sunflower,heading_flowering,194,14.8,71.1,11.6,17.0,0.43
south,sunflower,heading_flowering,199,13.4,57.1,7.8,13.2,0.21
south,sunflower,heading_flowering,193,16.2,73.3,10.8,13.1,0.41
south,sunflower,heading_flowering,224,18.6,80.3,0.7,17.3,0.69
south,sunflower,heading_flowering,195,16.3,64.2,4.8,16.4,0.56
south,sunflower,heading_flowering,230,17.6,54.6,15.5,18.0,0.58
south,sunflower,ripening_maturity,235,19.8,54.2,5.4,17.5,0.49
south,sunflower,ripening_maturity,258,27.8,62.2,14.2,18.8,0.52
south,sunflower,ripening_maturity,268,21.6,68.2,11.0,23.0,0.9
south,sunflower,ripening_maturity,263,25.4,74.5,5.7,17.7,0.73
south,sunflower,ripening_maturity,249,21.6,64.6,2.6,18.6,0.54
south,sunflower,ripening_maturity,242,18.3,70.7,11.1,17.8,0.71
south,sunflower,ripening_maturity,243,19.3,80.1,14.4,13.1,0.75
south,sugar_beet,sowing,117,1.9,48.1,10.0,159.1,0.13
south,sugar_beet,sowing,113,1.5,57.0,9.3,194.5,0.1
south,sugar_beet,sowing,120,2.4,72.4,1.9,171.9,0.19
south,sugar_beet,sowing,90,-2.0,62.2,2.3,203.4,0.22
south,sugar_beet,sowing,118,3.1,54.2,1.9,194.1,0.21
south,sugar_beet,sowing,102,-0.1,61.0,3.3,212.9,0.22
south,sugar_beet,sowing,97,-0.9,50.2,5.9,152.6,0.23
south,sugar_beet,sowing,109,0.7,72.4,6.0,210.2,0.18
south,sugar_beet,emergence,136,6.4,69.8,6.6,185.8,0.23
south,sugar_beet,emergence,119,3.3,76.4,5.0,230.1,0.16
south,sugar_beet,emergence,116,2.1,70.0,4.0,170.8,0.16
south,sugar_beet,emergence,139,6.6,65.1,9.1,269.7,0.12
south,sugar_beet,emergence,124,2.8,60.5,3.2,182.4,0.19
south,sugar_beet,emergence,138,4.5,45.2,4.6,205.9,0.24
south,sugar_beet,tillering,143,7.5,74.7,2.1,185.3,0.14
south,sugar_beet,tillering,136,5.8,66.9,3.9,221.0,0.26
south,sugar_beet,tillering,166,8.9,49.3,2.0,214.6,0.13
south,sugar_beet,tillering,151,6.1,74.8,6.6,247.1,0.24
south,sugar_beet,tillering,170,11.5,55.4,4.2,286.1,0.49
south,sugar_beet,tillering,137,4.5,63.8,11.2,233.4,0.23
south,sugar_beet,tillering,131,4.3,62.0,2.7,232.4,0.13
south,sugar_beet,ripening_maturity,220,20.4,56.3,2.4,283.6,0.35
south,sugar_beet,ripening_maturity,223,18.5,56.9,13.9,261.4,0.41
south,sugar_beet,ripening_maturity,231,20.5,52.0,2.3,327.6,0.47
south,sugar_beet,ripening_maturity,238,17.5,63.3,6.0,334.4,0.5
south,sugar_beet,ripening_maturity,232,23.8,68.4,2.3,294.5,0.45
south,sugar_beet,ripening_maturity,252,19.5,73.4,14.8,306.3,0.57
south,sugar_beet,ripening_maturity,241,23.0,61.5,3.2,294.3,0.46
south,soybeans,sowing,116,1.7,50.7,4.1,9.6,0.2
south,soybeans,sowing,119,2.4,65.4,6.0,13.0,0.29
south,soybeans,sowing,108,0.5,52.7,7.7,9.8,0.23
south,soybeans,sowing,93,-1.5,65.0,8.2,8.7,0.18
south,soybeans,sowing,94,-1.3,65.7,8.9,10.6,0.17
south,soybeans,sowing,114,1.3,63.9,10.1,9.3,0.16
south,soybeans,sowing,109,1.1,45.7,6.6,9.5,0.2
south,soybeans,emergence,135,5.9,53.4,4.6,9.7,0.29
south,soybeans,emergence,123,2.6,63.2,10.6,11.5,0.18
south,soybeans,emergence,121,2.7,54.1,0.2,11.0,0.29
south,soybeans,emergence,116,1.9,45.5,3.3,8.4,0.16
south,soybeans,emergence,111,1.5,65.0,8.5,8.5,0.15
south,soybeans,emergence,138,5.4,43.4,2.6,10.2,0.15
south,soybeans,emergence,129,4.7,63.3,3.3,13.5,0.22
south,soybeans,emergence,140,4.7,44.0,11.2,9.8,0.26
south,soybeans,tillering,138,6.2,52.4,2.6,12.6,0.23
south,soybeans,tillering,132,3.5,46.2,4.2,7.6,0.13
south,soybeans,tillering,169,12.3,61.5,8.9,11.6,0.52
south,soybeans,tillering,131,4.2,46.3,1.8,8.2,0.17
south,soybeans,tillering,163,8.1,60.9,9.1,14.8,0.29
south,soybeans,tillering,147,8.4,72.6,5.4,13.4,0.15
south,soybeans,tillering,155,7.4,47.1,0.8,12.0,0.12
south,soybeans,heading_flowering,240,23.7,65.9,1.6,18.9,0.84
south,soybeans,heading_flowering,209,15.7,57.9,10.9,13.2,0.59
south,soybeans,heading_flowering,194,12.1,56.7,6.7,15.9,0.39
south,soybeans,heading_flowering,191,12.4,61.7,10.8,16.5,0.49
south,soybeans,heading_flowering,221,22.1,59.4,13.7,16.2,0.5
south,soybeans,heading_flowering,192,11.7,48.1,0.5,11.3,0.52
south,soybeans,heading_flowering,206,16.2,78.3,6.2,12.3,0.28
south,soybeans,heading_flowering,190,13.9,55.2,11.2,11.9,0.33
south,soybeans,ripening_maturity,275,24.2,82.0,10.1,15.6,0.95
south,soybeans,ripening_maturity,258,28.2,66.6,7.0,16.1,0.44
south,soybeans,ripening_maturity,274,25.8,69.7,16.0,15.3,0.82
south,soybeans,ripening_maturity,253,20.7,59.0,8.2,17.7,0.31
south,soybeans,ripening_maturity,263,24.1,58.1,0.9,17.4,0.37
south,soybeans,ripening_maturity,267,30.4,52.0,0.3,12.4,0.46
south,soybeans,ripening_maturity,276,28.3,58.2,10.2,11.8,0.34
south,flax,sowing,111,0.8,52.0,2.4,5.1,0.11
south,flax,sowing,90,-2.0,72.3,1.0,5.8,0.16
south,flax,sowing,116,2.5,63.4,10.0,8.5,0.11
south,flax,sowing,120,2.4,46.1,6.1,5.5,0.19
south,flax,sowing,95,-1.1,55.2,3.7,5.7,0.1
south,flax,sowing,94,-1.4,44.5,4.4,4.1,0.15
south,flax,emergence,122,2.9,57.7,5.4,7.3,0.16
south,flax,emergence,120,2.0,68.4,7.0,7.0,0.16
south,flax,emergence,118,2.3,55.2,5.3,6.6,0.2
south,flax,emergence,130,3.8,47.8,4.5,5.3,0.17
south,flax,emergence,140,6.9,67.0,10.2,8.9,0.24
south,flax,emergence,110,1.7,53.6,3.4,5.3,0.18
south,flax,emergence,134,4.8,49.7,5.9,7.1,0.13
south,flax,tillering,131,5.5,73.6,3.3,6.8,0.14
south,flax,tillering,155,9.2,56.2,10.7,9.5,0.09
south,flax,tillering,158,7.5,73.3,3.1,8.1,0.2
south,flax,tillering,159,8.6,46.2,11.0,7.5,0.1
south,flax,tillering,141,6.0,44.8,7.0,7.3,0.21
south,flax,tillering,164,10.2,50.5,2.9,6.5,0.41
south,flax,tillering,146,7.1,51.6,9.0,7.7,0.09
south,flax,heading_flowering,214,14.5,81.0,1.3,9.2,0.31
south,flax,heading_flowering,226,19.5,61.0,14.5,11.0,0.32
south,flax,heading_flowering,203,14.4,57.3,13.4,10.1,0.44
south,flax,heading_flowering,198,16.3,73.7,13.3,8.7,0.18
south,flax,heading_flowering,196,14.1,51.2,12.5,10.4,0.35
south,flax,heading_flowering,222,20.8,54.8,3.5,10.9,0.31
south,flax,heading_flowering,235,17.2,58.3,6.3,9.1,0.19
south,flax,ripening_maturity,226,17.3,52.2,5.2,9.8,0.36
south,flax,ripening_maturity,231,21.9,73.1,14.7,9.7,0.74
south,flax,ripening_maturity,280,30.7,74.6,2.2,7.5,0.66
south,flax,ripening_maturity,229,21.4,50.2,5.7,9.8,0.25
south,flax,ripening_maturity,235,17.1,72.5,7.8,11.8,0.4
south,flax,ripening_maturity,222,16.5,64.5,14.1,9.6,0.44
south,flax,ripening_maturity,237,23.1,67.9,13.6,9.8,0.26
south,flax,ripening_maturity,255,26.7,77.7,15.0,8.3,0.41
south,mustard,sowing,98,-0.6,74.1,3.8,4.7,0.1
south,mustard,sowing,113,1.4,75.6,1.1,4.8,0.08
south,mustard,sowing,90,-2.0,42.0,8.3,3.9,0.15
south,mustard,sowing,93,-1.6,72.0,8.7,4.5,0.18
south,mustard,sowing,106,0.2,50.5,7.9,5.6,0.17
south,mustard,sowing,119,2.4,47.4,1.1,5.2,0.21
south,mustard,emergence,121,2.4,45.5,4.1,5.3,0.1
south,mustard,emergence,130,4.2,60.4,10.4,6.4,0.15
south,mustard,emergence,126,4.3,62.7,5.6,7.2,0.21
south,mustard,emergence,140,6.0,49.4,7.9,6.7,0.09
south,mustard,emergence,128,4.1,51.4,1.6,6.5,0.12
south,mustard,emergence,137,6.2,61.7,9.8,7.3,0.19
south,mustard,emergence,125,4.3,44.3,3.0,4.4,0.14
south,mustard,emergence,135,5.9,53.8,3.9,7.0,0.13
south,mustard,tillering,162,10.9,74.5,0.8,6.5,0.26
south,mustard,tillering,167,12.2,70.1,10.6,6.8,0.17
south,mustard,tillering,154,8.9,77.0,1.6,7.0,0.1
south,mustard,tillering,139,6.2,56.3,1.0,5.5,0.18
south,mustard,tillering,152,9.3,73.5,4.2,5.8,0.14
south,mustard,tillering,170,8.6,51.9,1.6,7.1,0.09
south,mustard,heading_flowering,205,18.5,47.6,3.1,8.5,0.34
south,mustard,heading_flowering,235,20.9,77.4,4.9,7.7,0.78
south,mustard,heading_flowering,200,17.7,47.3,10.9,7.7,0.26
south,mustard,heading_flowering,209,17.8,77.6,13.3,9.5,0.36
south,mustard,heading_flowering,210,18.3,48.9,4.8,6.6,0.41
south,mustard,heading_flowering,237,19.6,70.1,6.8,9.4,0.39
south,mustard,heading_flowering,191,16.0,47.8,4.2,7.8,0.15
south,mustard,ripening_maturity,249,22.4,75.9,6.9,9.5,0.56
south,mustard,ripening_maturity,272,29.5,61.2,8.4,7.2,0.14
south,mustard,ripening_maturity,248,23.0,65.8,11.7,10.7,0.52
south,mustard,ripening_maturity,247,23.7,49.7,10.7,6.9,0.4
south,mustard,ripening_maturity,220,16.4,78.5,1.0,7.1,0.22
south,mustard,ripening_maturity,257,25.9,79.7,13.0,8.1,0.74
south,mustard,ripening_maturity,226,22.6,76.2,7.8,9.5,0.6
south,mustard,ripening_maturity,280,27.3,52.2,14.0,9.2,0.28
south,potatoes,sowing,118,2.5,63.0,9.7,176.4,0.37
south,potatoes,sowing,98,-0.6,51.3,0.8,98.1,0.21
south,potatoes,sowing,110,1.7,62.0,8.8,172.8,0.37
south,potatoes,sowing,107,0.9,63.7,6.0,166.9,0.2
south,potatoes,sowing,90,-2.0,62.4,2.3,120.9,0.41
south,potatoes,sowing,100,-0.5,47.2,4.5,118.2,0.21
south,potatoes,sowing,99,-0.4,71.5,2.8,136.4,0.25
south,potatoes,emergence,130,3.8,58.0,8.8,145.3,0.37
south,potatoes,emergence,132,5.2,57.3,10.7,126.1,0.3
south,potatoes,emergence,137,5.2,73.6,4.2,173.5,0.22
south,potatoes,emergence,119,2.2,66.3,0.6,122.3,0.3
south,potatoes,emergence,124,3.7,54.8,8.6,144.2,0.17
south,potatoes,emergence,110,1.7,72.7,5.4,138.7,0.39
south,potatoes,emergence,116,2.6,51.3,8.1,141.1,0.3
south,potatoes,tillering,156,9.3,58.9,9.6,208.5,0.2
south,potatoes,tillering,166,11.7,46.8,11.3,155.8,0.63
south,potatoes,tillering,146,5.6,61.7,11.5,177.9,0.23
south,potatoes,tillering,152,9.0,56.3,3.8,187.4,0.38
south,potatoes,tillering,133,4.3,52.2,8.8,165.5,0.35
south,potatoes,tillering,161,7.9,54.0,6.7,135.6,0.14
south,potatoes,tillering,154,7.4,51.1,8.5,173.9,0.31
south,potatoes,heading_flowering,226,16.4,80.3,8.9,188.6,0.74
south,potatoes,heading_flowering,215,18.4,78.8,9.4,230.3,0.9
south,potatoes,heading_flowering,235,19.8,63.9,5.3,227.4,0.73
south,potatoes,heading_flowering,202,18.6,73.4,4.1,193.3,0.69
south,potatoes,heading_flowering,224,15.8,55.1,13.9,208.4,0.4
south,potatoes,heading_flowering,216,20.3,77.9,4.0,203.7,1.0
south,potatoes,heading_flowering,217,19.3,67.9,5.6,204.3,0.96
south,potatoes,heading_flowering,211,18.4,65.2,12.6,192.7,1.0
south,potatoes,ripening_maturity,272,31.4,78.1,15.8,185.0,1.0
south,potatoes,ripening_maturity,277,27.0,81.9,13.7,174.3,1.0
south,potatoes,ripening_maturity,247,26.5,60.8,0.3,242.5,0.66
south,potatoes,ripening_maturity,250,22.2,70.0,7.0,236.8,0.99
south,potatoes,ripening_maturity,263,23.0,59.1,2.3,254.4,0.6
south,potatoes,ripening_maturity,256,23.7,79.8,12.4,219.6,1.0
south,potatoes,ripening_maturity,253,22.4,75.1,0.8,227.5,1.0
south,potatoes,ripening_maturity,237,24.4,80.0,2.5,220.4,0.63
south,tomatoes,sowing,109,0.6,62.0,2.5,201.0,0.41
south,tomatoes,sowing,112,1.9,56.0,2.7,259.8,0.24
south,tomatoes,sowing,91,-1.8,44.7,7.7,196.3,0.23
south,tomatoes,sowing,119,1.8,54.7,1.3,206.7,0.39
south,tomatoes,sowing,110,1.0,56.9,5.7,228.9,0.17
south,tomatoes,sowing,107,1.0,60.7,3.1,203.8,0.26
south,tomatoes,sowing,114,1.5,47.5,6.7,221.7,0.24
south,tomatoes,emergence,112,1.3,42.0,2.9,206.6,0.16
south,tomatoes,emergence,114,1.6,74.3,7.2,208.1,0.28
south,tomatoes,emergence,122,2.4,54.3,7.0,202.4,0.35
south,tomatoes,emergence,123,3.4,59.3,6.7,209.2,0.39
south,tomatoes,emergence,139,5.6,57.4,5.0,242.9,0.45
south,tomatoes,emergence,121,3.0,74.1,5.7,226.8,0.16
south,tomatoes,emergence,125,3.5,72.1,1.2,248.4,0.25
south,tomatoes,tillering,132,4.9,63.5,3.4,293.9,0.2
south,tomatoes,tillering,165,9.9,55.3,2.7,303.8,0.39
south,tomatoes,tillering,153,9.1,44.6,3.2,275.8,0.41
south,tomatoes,tillering,154,8.0,54.6,10.6,274.3,0.24
south,tomatoes,tillering,147,6.6,45.2,11.5,188.1,0.23
south,tomatoes,tillering,155,8.2,48.2,4.8,203.9,0.21
south,tomatoes,tillering,133,4.6,70.5,6.6,256.9,0.21
south,tomatoes,heading_flowering,199,14.1,73.3,6.5,261.5,0.53
south,tomatoes,heading_flowering,217,17.0,73.0,11.8,295.4,0.88
south,tomatoes,heading_flowering,233,17.0,68.6,4.7,337.7,0.59
south,tomatoes,heading_flowering,221,15.5,81.0,1.4,279.0,0.69
south,tomatoes,heading_flowering,234,18.5,56.4,3.0,361.4,0.9
south,tomatoes,heading_flowering,231,23.0,73.6,13.5,309.8,1.0
south,tomatoes,heading_flowering,240,21.7,58.1,12.4,315.7,0.76
south,tomatoes,ripening_maturity,234,18.1,70.9,14.5,351.5,0.71
south,tomatoes,ripening_maturity,233,18.7,67.9,6.7,320.1,0.83
south,tomatoes,ripening_maturity,257,23.4,64.8,10.7,420.2,0.83
south,tomatoes,ripening_maturity,262,21.0,49.2,12.5,354.3,0.54
south,tomatoes,ripening_maturity,226,16.2,66.8,6.4,385.1,0.54
south,tomatoes,ripening_maturity,239,20.4,82.4,11.5,302.9,0.78
south,tomatoes,ripening_maturity,275,30.1,71.1,10.3,337.5,0.76
south,onions,sowing,118,3.1,62.8,8.1,195.1,0.19
south,onions,sowing,109,1.5,45.9,6.9,137.6,0.19
south,onions,sowing,116,2.6,53.5,4.0,185.9,0.19
south,onions,sowing,96,-1.1,67.3,1.7,176.6,0.18
south,onions,sowing,112,1.4,58.5,9.7,196.0,0.26
south,onions,sowing,106,0.6,73.2,6.6,138.4,0.12
south,onions,sowing,110,0.8,70.1,6.5,155.1,0.19
south,onions,emergence,127,4.5,73.8,3.3,183.1,0.16
south,onions,emergence,135,5.0,58.9,5.7,214.5,0.21
south,onions,emergence,113,2.0,73.9,1.0,156.1,0.27
south,onions,emergence,121,3.6,70.2,7.2,204.5,0.21
south,onions,emergence,136,4.8,51.7,3.5,174.4,0.26
south,onions,emergence,122,2.8,54.0,0.7,139.4,0.13
south,onions,emergence,115,1.4,42.7,3.5,149.7,0.19
south,onions,emergence,125,3.8,54.9,2.4,186.6,0.25
south,onions,tillering,143,5.5,68.7,8.7,230.1,0.13
south,onions,tillering,145,5.9,53.7,11.2,205.6,0.26
south,onions,tillering,130,4.4,65.7,1.0,217.4,0.22
south,onions,tillering,133,4.3,71.9,1.8,170.8,0.12
south,onions,tillering,134,3.9,51.9,4.6,164.9,0.2
south,onions,tillering,140,6.3,63.0,9.7,212.3,0.13
south,onions,tillering,165,9.2,77.1,10.6,234.1,0.23
south,onions,tillering,170,8.8,64.0,11.8,200.0,0.12
south,onions,ripening_maturity,258,23.0,63.1,15.4,318.0,0.56
south,onions,ripening_maturity,267,30.3,56.1,0.8,221.3,0.41
south,onions,ripening_maturity,232,19.9,65.5,1.7,313.8,0.35
south,onions,ripening_maturity,280,28.2,50.0,11.2,267.8,0.3
south,onions,ripening_maturity,261,22.4,50.3,14.9,279.5,0.28
south,onions,ripening_maturity,262,22.2,76.0,9.6,241.5,1.0
south,onions,ripening_maturity,241,20.5,66.6,7.4,233.3,0.43
south,onions,ripening_maturity,233,16.9,73.1,11.3,262.9,0.52
south,apples,sowing,95,-1.1,51.2,1.9,89.2,0.24
south,apples,sowing,106,0.6,51.1,7.3,98.7,0.17
south,apples,sowing,111,1.2,42.6,2.9,83.2,0.34
south,apples,sowing,115,1.9,67.6,3.8,104.2,0.36
south,apples,sowing,90,-2.0,56.7,5.9,88.7,0.14
south,apples,sowing,101,-0.5,70.1,9.5,98.8,0.24
south,apples,sowing,118,2.5,51.9,9.4,102.0,0.18
south,apples,sowing,94,-1.3,44.9,4.7,94.9,0.18
south,apples,tillering,151,8.9,52.5,2.2,133.8,0.17
south,apples,tillering,152,9.1,43.4,3.5,118.1,0.17
south,apples,tillering,165,10.4,60.7,10.3,144.1,0.53
south,apples,tillering,159,8.4,53.8,10.7,142.0,0.15
south,apples,tillering,164,8.6,76.3,0.9,148.8,0.25
south,apples,tillering,144,6.4,75.0,9.2,113.3,0.34
south,apples,tillering,161,10.6,62.5,12.2,162.7,0.35
south,apples,heading_flowering,199,14.3,57.8,10.8,162.3,0.27
south,apples,heading_flowering,230,18.0,66.0,3.7,164.6,0.56
south,apples,heading_flowering,236,22.5,55.7,15.9,174.6,0.72
south,apples,heading_flowering,229,22.7,71.4,4.5,180.7,0.7
south,apples,heading_flowering,198,15.1,68.8,8.0,137.3,0.55
south,apples,heading_flowering,223,21.9,72.9,5.7,169.1,0.89
south,apples,ripening_maturity,231,18.9,69.4,12.0,179.4,1.0
south,apples,ripening_maturity,277,32.1,50.4,15.9,129.5,0.34
south,apples,ripening_maturity,249,19.5,54.4,0.6,158.7,0.27
south,apples,ripening_maturity,263,21.7,56.9,8.8,206.8,0.32
south,apples,ripening_maturity,244,19.3,58.4,12.9,204.0,0.56
south,apples,ripening_maturity,275,26.6,53.7,12.7,192.8,0.62
south,apples,ripening_maturity,279,23.2,76.2,9.7,161.7,0.94
south,apples,ripening_maturity,239,19.4,80.8,11.2,142.8,0.62
south,plums,sowing,100,-0.5,54.3,4.5,67.8,0.26
south,plums,sowing,97,-0.8,60.8,6.0,85.0,0.12
south,plums,sowing,103,0.3,46.2,0.4,82.3,0.33
south,plums,sowing,118,2.8,70.1,6.9,95.9,0.17
south,plums,sowing,107,0.7,75.7,4.9,87.2,0.3
south,plums,sowing,109,1.3,63.0,5.2,102.4,0.27
south,plums,sowing,114,1.7,44.8,3.0,59.4,0.33
south,plums,sowing,104,0.2,73.2,3.4,84.4,0.22
south,plums,tillering,141,5.0,73.4,0.5,107.8,0.26
south,plums,tillering,135,4.8,45.9,10.0,72.8,0.17
south,plums,tillering,169,11.0,52.5,7.8,108.4,0.46
south,plums,tillering,157,6.9,59.5,2.0,111.7,0.18
south,plums,tillering,134,4.2,61.6,10.5,77.4,0.12
south,plums,tillering,166,11.6,52.9,9.7,113.2,0.3
south,plums,heading_flowering,237,17.7,49.0,14.3,133.5,0.27
south,plums,heading_flowering,195,15.1,54.6,9.7,107.0,0.6
south,plums,heading_flowering,194,16.0,72.7,4.9,129.7,0.28
south,plums,heading_flowering,196,16.2,54.0,10.0,121.7,0.67
south,plums,heading_flowering,229,18.9,59.2,2.4,151.5,0.62
south,plums,heading_flowering,214,14.5,65.4,3.4,129.9,0.43
south,plums,heading_flowering,191,15.9,65.4,6.1,156.1,0.33
south,plums,ripening_maturity,267,25.4,65.8,5.0,132.0,0.74
south,plums,ripening_maturity,280,27.0,83.9,5.1,118.7,1.0
south,plums,ripening_maturity,245,20.5,49.6,1.4,110.5,0.23
south,plums,ripening_maturity,227,16.7,81.3,3.8,118.0,0.58
south,plums,ripening_maturity,258,22.8,81.2,5.7,102.5,1.0
south,plums,ripening_maturity,226,22.4,67.3,1.3,150.0,0.44
south,plums,ripening_maturity,233,20.4,79.4,0.4,138.3,0.5
south,plums,ripening_maturity,279,30.2,64.2,9.3,144.2,0.43
south,grapes,sowing,108,0.4,45.7,6.6,55.5,0.16
south,grapes,sowing,93,-1.6,55.0,7.4,52.0,0.27
south,grapes,sowing,116,1.9,69.1,2.3,75.4,0.35
south,grapes,sowing,95,-1.3,52.0,3.2,55.3,0.32
south,grapes,sowing,107,0.8,46.6,0.4,62.8,0.14
south,grapes,sowing,104,-0.0,47.4,5.0,54.3,0.29
south,grapes,tillering,160,10.8,53.2,8.7,96.2,0.57
south,grapes,tillering,157,7.1,69.5,1.8,84.4,0.2
south,grapes,tillering,165,8.7,74.3,7.4,94.1,0.26
south,grapes,tillering,134,4.6,56.7,10.3,66.1,0.33
south,grapes,tillering,169,10.1,54.9,2.1,93.4,0.27
south,grapes,tillering,163,11.1,66.1,5.6,110.7,0.65
south,grapes,tillering,137,5.0,55.1,5.4,73.1,0.31
south,grapes,heading_flowering,196,12.9,50.4,8.0,69.0,0.56
south,grapes,heading_flowering,202,16.2,76.1,8.4,83.5,0.28
south,grapes,heading_flowering,212,16.7,73.0,12.9,82.8,0.49
south,grapes,heading_flowering,213,18.8,74.8,9.1,85.5,0.85
south,grapes,heading_flowering,192,16.6,61.3,8.0,101.1,0.36
south,grapes,heading_flowering,201,12.8,70.0,8.6,79.8,0.32
south,grapes,heading_flowering,198,15.9,61.0,1.5,110.9,0.62
south,grapes,heading_flowering,191,12.4,69.5,0.3,85.4,0.43
south,grapes,ripening_maturity,272,29.6,76.8,8.3,102.8,1.0
south,grapes,ripening_maturity,264,29.5,55.5,3.4,79.9,0.62
south,grapes,ripening_maturity,241,22.4,68.8,8.4,98.8,1.0
south,grapes,ripening_maturity,276,25.2,67.7,17.4,92.9,0.63
south,grapes,ripening_maturity,253,24.8,71.1,8.5,91.1,0.9
south,grapes,ripening_maturity,238,25.1,66.6,8.1,96.9,0.82
south,grapes,ripening_maturity,232,19.3,49.3,7.6,111.3,0.24
south,grapes,ripening_maturity,230,18.0,57.0,11.2,105.9,0.65
east,winter_wheat,sowing,119,-0.7,47.4,2.9,17.7,0.23
east,winter_wheat,sowing,103,-4.1,61.9,5.8,19.0,0.14
east,winter_wheat,sowing,105,-3.4,64.5,6.5,18.5,0.23
east,winter_wheat,sowing,118,-1.1,38.0,5.8,14.5,0.23
east,winter_wheat,sowing,96,-4.9,56.7,4.8,21.0,0.13
east,winter_wheat,sowing,107,-3.1,48.0,1.2,17.2,0.15
east,winter_wheat,sowing,94,-5.4,58.2,6.3,18.2,0.09
east,winter_wheat,tillering,136,2.2,51.6,2.2,21.0,0.2
east,winter_wheat,tillering,135,-0.0,56.6,1.6,21.1,0.14
east,winter_wheat,tillering,145,1.8,60.0,5.4,26.4,0.14
east,winter_wheat,tillering,165,6.6,41.1,0.5,24.3,0.24
east,winter_wheat,tillering,133,1.2,70.1,2.0,22.5,0.11
east,winter_wheat,tillering,134,0.7,39.5,8.1,19.7,0.15
east,winter_wheat,tillering,163,5.6,50.2,9.2,27.5,0.26
east,winter_wheat,tillering,154,4.2,67.8,0.8,23.4,0.18
east,winter_wheat,booting,164,5.5,61.5,2.8,25.1,0.24
east,winter_wheat,booting,165,6.8,41.9,6.0,24.6,0.16
east,winter_wheat,booting,190,10.2,40.7,5.5,21.7,0.33
east,winter_wheat,booting,180,10.4,58.0,10.1,26.0,0.4
east,winter_wheat,booting,200,13.4,66.1,6.3,40.2,0.21
east,winter_wheat,booting,179,8.9,73.0,6.2,36.2,0.24
east,winter_wheat,booting,173,6.3,47.9,6.2,28.7,0.22
east,winter_wheat,booting,197,10.1,41.3,11.7,22.2,0.36
east,winter_wheat,heading_flowering,212,11.5,56.3,1.0,28.7,0.23
east,winter_wheat,heading_flowering,209,11.5,48.6,6.9,28.7,0.5
east,winter_wheat,heading_flowering,200,11.3,53.4,3.9,28.4,0.37
east,winter_wheat,heading_flowering,233,15.9,74.5,10.9,31.0,0.38
east,winter_wheat,heading_flowering,194,10.5,57.8,3.6,37.4,0.21
east,winter_wheat,heading_flowering,204,13.1,42.1,1.7,30.1,0.41
east,winter_wheat,heading_flowering,207,15.1,51.5,10.8,33.5,0.47
east,winter_wheat,ripening_maturity,261,24.7,44.6,5.3,37.0,0.32
east,winter_wheat,ripening_maturity,280,26.5,76.8,14.7,34.1,0.61
east,winter_wheat,ripening_maturity,224,13.9,51.0,0.4,29.5,0.33
east,winter_wheat,ripening_maturity,220,12.1,61.4,8.4,40.9,0.47
east,winter_wheat,ripening_maturity,277,19.1,70.8,1.7,42.6,0.67
east,winter_wheat,ripening_maturity,234,15.4,68.1,3.1,36.8,0.49
east,winter_wheat,ripening_maturity,245,15.9,74.8,4.3,30.4,0.46
east,winter_wheat,ripening_maturity,236,14.1,60.0,6.2,30.8,0.45
east,spring_barley,sowing,116,-2.1,38.4,7.1,11.6,0.17
east,spring_barley,sowing,114,-1.7,40.1,0.9,16.3,0.23
east,spring_barley,sowing,110,-3.3,70.2,1.7,13.8,0.22
east,spring_barley,sowing,91,-5.8,55.5,7.5,14.6,0.14
east,spring_barley,sowing,117,-1.3,66.4,6.9,21.3,0.17
east,spring_barley,sowing,97,-4.9,59.0,4.4,14.3,0.21
east,spring_barley,emergence,127,0.8,71.8,2.2,21.8,0.12
east,spring_barley,emergence,112,-2.9,39.4,2.9,13.7,0.15
east,spring_barley,emergence,139,0.9,38.3,6.2,12.2,0.3
east,spring_barley,emergence,116,-2.0,62.2,6.7,19.6,0.3
east,spring_barley,emergence,134,1.2,43.8,5.2,13.7,0.1
east,spring_barley,emergence,137,0.7,65.2,1.8,22.6,0.22
east,spring_barley,emergence,133,1.0,56.7,6.1,21.6,0.27
east,spring_barley,tillering,170,6.3,57.9,7.5,24.0,0.17
east,spring_barley,tillering,166,4.2,68.3,5.2,24.5,0.16
east,spring_barley,tillering,152,3.9,68.7,0.2,23.3,0.16
east,spring_barley,tillering,144,2.0,50.3,0.5,14.4,0.2
east,spring_barley,tillering,137,0.6,64.0,6.3,18.2,0.12
east,spring_barley,tillering,164,5.4,59.3,6.5,23.3,0.29
east,spring_barley,tillering,154,3.0,69.2,2.5,24.7,0.22
east,spring_barley,heading_flowering,225,16.0,57.6,6.2,29.9,0.43
east,spring_barley,heading_flowering,193,11.6,53.0,6.4,22.3,0.59
east,spring_barley,heading_flowering,238,20.8,66.5,2.9,31.8,0.59
east,spring_barley,heading_flowering,239,15.3,67.8,12.2,26.7,0.29
east,spring_barley,heading_flowering,202,10.3,59.6,9.9,23.1,0.45
east,spring_barley,heading_flowering,219,11.1,48.1,4.4,20.3,0.59
east,spring_barley,ripening_maturity,234,18.5,48.8,13.2,30.8,0.34
east,spring_barley,ripening_maturity,240,15.3,76.9,7.0,30.9,0.34
east,spring_barley,ripening_maturity,232,13.7,55.2,1.5,27.4,0.22
east,spring_barley,ripening_maturity,255,22.2,75.2,4.4,30.9,1.0
east,spring_barley,ripening_maturity,263,20.4,45.3,4.0,26.8,0.59
east,spring_barley,ripening_maturity,259,20.3,67.7,8.6,39.3,0.47
east,spring_barley,ripening_maturity,227,18.6,67.0,0.7,36.3,0.89
east,corn,sowing,93,-5.5,36.9,2.1,24.6,0.24
east,corn,sowing,95,-5.3,38.9,0.3,21.5,0.2
east,corn,sowing,94,-5.3,49.5,0.3,28.3,0.28
east,corn,sowing,96,-5.1,37.0,4.4,25.4,0.16
east,corn,sowing,107,-3.6,42.9,7.6,23.8,0.18
east,corn,sowing,112,-2.0,49.9,4.5,29.1,0.25
east,corn,sowing,97,-4.9,59.6,1.6,36.5,0.26
east,corn,sowing,90,-6.0,59.8,3.4,23.5,0.23
east,corn,emergence,135,2.3,70.5,6.8,41.0,0.25
east,corn,emergence,113,-1.9,46.4,6.8,25.1,0.29
east,corn,emergence,139,2.6,69.2,5.1,33.4,0.32
east,corn,emergence,130,0.1,58.0,4.0,36.1,0.31
east,corn,emergence,125,-0.2,65.8,7.9,31.0,0.3
east,corn,emergence,119,-2.2,44.5,2.9,23.3,0.25
east,corn,emergence,120,-1.2,62.0,4.2,29.3,0.12
east,corn,tillering,146,2.6,61.8,8.5,34.0,0.18
east,corn,tillering,148,3.5,40.5,6.5,33.7,0.3
east,corn,tillering,145,2.4,66.9,4.6,38.3,0.29
east,corn,tillering,158,3.3,48.3,2.7,42.8,0.22
east,corn,tillering,134,-0.1,58.8,2.9,40.2,0.31
east,corn,tillering,132,0.9,46.9,1.7,26.8,0.16
east,corn,tillering,170,8.4,57.4,10.6,47.3,0.14
east,corn,heading_flowering,202,11.1,50.0,8.4,51.3,0.6
east,corn,heading_flowering,192,9.9,43.2,7.9,46.3,0.33
east,corn,heading_flowering,193,11.6,67.6,0.4,53.9,0.46
east,corn,heading_flowering,238,16.9,65.7,9.4,71.5,0.31
east,corn,heading_flowering,224,11.9,60.1,7.6,50.1,0.57
east,corn,heading_flowering,231,19.1,75.9,0.1,66.8,0.68
east,corn,heading_flowering,228,18.4,57.9,9.0,64.0,0.37
east,corn,heading_flowering,205,11.2,68.9,7.1,47.5,0.59
east,corn,ripening_maturity,246,17.7,44.8,7.0,43.4,0.6
east,corn,ripening_maturity,226,15.1,47.4,10.4,48.9,0.26
east,corn,ripening_maturity,268,24.9,71.6,1.4,53.7,1.0
east,corn,ripening_maturity,279,26.0,76.0,0.1,61.6,1.0
east,corn,ripening_maturity,234,15.5,50.5,6.6,54.5,0.4
east,corn,ripening_maturity,241,20.4,70.0,4.7,69.3,0.34
east,corn,ripening_maturity,239,14.7,55.9,12.4,51.7,0.25
east,corn,ripening_maturity,254,20.8,75.4,8.2,53.2,1.0
east,oats,sowing,115,-2.5,42.0,4.7,12.5,0.22
east,oats,sowing,91,-5.8,63.3,7.3,12.9,0.19
east,oats,sowing,114,-2.7,37.6,6.0,9.3,0.09
east,oats,sowing,99,-4.5,66.5,1.7,12.5,0.22
east,oats,sowing,94,-5.3,67.2,3.1,13.0,0.18
east,oats,sowing,120,-0.7,63.5,2.5,14.5,0.2
east,oats,sowing,101,-4.2,61.5,6.2,13.1,0.19
east,oats,tillering,155,4.2,66.2,6.4,18.9,0.17
east,oats,tillering,165,7.7,55.0,5.3,18.0,0.08
east,oats,tillering,149,1.9,51.2,5.6,17.3,0.14
east,oats,tillering,152,3.9,71.9,2.9,19.7,0.16
east,oats,tillering,168,6.0,48.9,5.8,16.3,0.11
east,oats,tillering,161,5.1,68.4,4.9,19.6,0.22
east,oats,tillering,144,2.2,58.3,7.0,17.8,0.18
east,oats,tillering,131,-0.3,64.2,7.3,15.6,0.17
east,oats,booting,160,3.5,66.7,2.5,18.3,0.21
east,oats,booting,181,8.2,52.6,1.5,16.5,0.21
east,oats,booting,180,9.6,69.6,10.2,18.6,0.12
east,oats,booting,189,8.1,40.3,9.9,15.2,0.14
east,oats,booting,173,8.7,61.1,10.3,17.1,0.14
east,oats,booting,176,6.8,48.1,6.8,17.0,0.21
east,oats,booting,192,10.0,72.6,11.5,19.0,0.43
east,oats,heading_flowering,195,12.6,61.4,6.9,24.5,0.37
east,oats,heading_flowering,209,11.1,60.8,4.8,22.1,0.2
east,oats,heading_flowering,219,13.5,44.0,6.6,20.9,0.2
east,oats,heading_flowering,221,15.4,76.3,2.5,22.6,0.43
east,oats,heading_flowering,239,20.6,54.0,12.9,29.2,0.4
east,oats,heading_flowering,235,16.6,49.8,0.4,23.2,0.2
east,oats,heading_flowering,218,17.3,59.3,5.1,29.1,0.18
east,oats,heading_flowering,198,9.0,53.0,3.7,22.4,0.14
east,oats,ripening_maturity,230,15.2,63.0,9.2,21.1,0.32
east,oats,ripening_maturity,237,16.9,64.8,9.6,31.8,0.2
east,oats,ripening_maturity,224,13.5,52.1,0.7,19.8,0.17
east,oats,ripening_maturity,274,22.0,49.1,7.3,25.5,0.21
east,oats,ripening_maturity,246,16.8,59.6,12.5,26.1,0.31
east,oats,ripening_maturity,225,15.2,50.0,0.8,24.5,0.34
east,oats,ripening_maturity,229,13.5,74.9,4.3,25.0,0.42
east,rye,sowing,111,-2.9,62.1,7.3,14.8,0.13
east,rye,sowing,105,-4.0,63.6,3.6,13.2,0.08
east,rye,sowing,100,-4.5,43.6,5.2,10.0,0.12
east,rye,sowing,106,-3.5,66.2,5.0,12.5,0.14
east,rye,sowing,115,-1.8,38.6,3.4,11.2,0.15
east,rye,sowing,119,-1.0,47.1,6.8,13.2,0.13
east,rye,sowing,93,-5.5,37.2,5.7,11.3,0.2
east,rye,sowing,102,-4.3,45.8,3.0,12.0,0.18
east,rye,tillering,167,5.8,47.1,5.4,18.9,0.08
east,rye,tillering,168,7.9,44.3,6.8,21.1,0.2
east,rye,tillering,149,2.6,66.0,5.4,21.5,0.15
east,rye,tillering,138,2.3,40.5,5.5,16.5,0.19
east,rye,tillering,161,4.7,53.6,3.3,22.2,0.15
east,rye,tillering,134,-0.1,64.8,3.6,15.0,0.18
east,rye,tillering,157,3.4,39.1,7.1,15.2,0.16
east,rye,tillering,145,3.8,61.1,3.2,22.9,0.19
east,rye,booting,172,7.3,49.7,10.7,20.5,0.13
east,rye,booting,179,9.1,69.6,4.3,19.2,0.19
east,rye,booting,177,6.3,73.5,3.9,18.7,0.12
east,rye,booting,171,6.3,51.4,9.0,15.4,0.21
east,rye,booting,168,6.8,43.4,5.5,20.8,0.1
east,rye,booting,181,9.1,47.0,5.3,23.2,0.1
east,rye,heading_flowering,190,7.6,44.3,4.4,19.8,0.19
east,rye,heading_flowering,227,18.0,48.3,5.4,27.2,0.41
east,rye,heading_flowering,213,16.0,47.0,11.3,26.6,0.25
east,rye,heading_flowering,203,10.6,61.7,4.3,26.4,0.16
east,rye,heading_flowering,232,16.0,52.3,10.0,20.7,0.4
east,rye,heading_flowering,238,20.6,68.7,1.5,29.2,0.27
east,rye,heading_flowering,240,18.5,61.3,6.2,33.9,0.19
east,rye,heading_flowering,212,14.4,57.7,7.5,21.1,0.39
east,rye,ripening_maturity,230,18.4,44.5,3.3,27.2,0.39
east,rye,ripening_maturity,241,19.1,51.4,12.6,20.9,0.14
east,rye,ripening_maturity,266,19.1,61.5,12.4,25.5,0.21
east,rye,ripening_maturity,220,11.2,76.0,7.9,19.2,0.15
east,rye,ripening_maturity,227,18.6,56.4,1.7,24.2,0.35
east,rye,ripening_maturity,239,14.2,61.3,10.6,21.7,0.39
east,millet,sowing,108,-3.1,36.8,7.7,7.6,0.07
east,millet,sowing,119,-1.1,60.3,7.1,12.1,0.14
east,millet,sowing,99,-4.6,53.5,0.3,7.6,0.07
east,millet,sowing,97,-4.9,42.4,7.5,6.9,0.13
east,millet,sowing,90,-6.0,42.8,5.6,8.0,0.09
east,millet,sowing,96,-5.1,56.9,1.8,9.3,0.09
east,millet,sowing,117,-1.9,66.2,6.6,10.7,0.1
east,millet,emergence,117,-2.3,41.2,4.9,6.7,0.1
east,millet,emergence,128,-0.3,70.7,0.3,11.6,0.18
east,millet,emergence,123,-1.6,57.2,2.0,11.5,0.15
east,millet,emergence,132,1.3,48.1,2.2,9.5,0.15
east,millet,emergence,118,-2.2,52.9,1.2,9.9,0.15
east,millet,emergence,136,1.6,70.4,6.7,12.5,0.18
east,millet,emergence,131,1.0,60.1,2.4,11.9,0.17
east,millet,emergence,114,-1.7,70.4,8.0,9.3,0.12
east,millet,tillering,157,6.3,64.4,4.0,11.6,0.1
east,millet,tillering,146,3.8,54.7,8.6,10.7,0.16
east,millet,tillering,144,2.8,44.7,6.9,10.3,0.16
east,millet,tillering,162,6.3,41.3,6.9,11.4,0.14
east,millet,tillering,149,3.6,67.6,4.2,12.5,0.19
east,millet,tillering,152,4.6,49.9,7.0,12.9,0.06
east,millet,tillering,145,1.9,53.9,8.3,12.0,0.17
east,millet,heading_flowering,230,14.5,70.3,5.6,13.7,0.37
east,millet,heading_flowering,239,19.4,60.4,10.9,19.9,0.13
east,millet,heading_flowering,209,11.4,57.5,11.6,15.9,0.13
east,millet,heading_flowering,238,17.8,69.2,0.6,14.2,0.15
east,millet,heading_flowering,202,10.1,75.3,6.5,14.6,0.19
east,millet,heading_flowering,192,9.2,64.8,5.5,15.0,0.14
east,millet,heading_flowering,234,18.7,54.0,5.9,15.1,0.23
east,millet,heading_flowering,224,14.5,50.1,12.5,14.4,0.37
east,millet,ripening_maturity,269,19.3,59.5,11.1,19.2,0.15
east,millet,ripening_maturity,237,19.0,64.1,7.8,22.3,0.19
east,millet,ripening_maturity,224,12.2,52.8,5.0,14.1,0.13
east,millet,ripening_maturity,243,15.8,60.7,9.7,18.6,0.13
east,millet,ripening_maturity,220,13.8,72.3,5.9,14.3,0.28
east,millet,ripening_maturity,223,14.0,74.9,3.1,12.7,0.14
east,millet,ripening_maturity,254,20.7,50.1,3.3,15.1,0.13
east,millet,ripening_maturity,261,23.8,78.5,13.4,15.7,0.45
east,sorghum,sowing,119,-0.7,37.1,8.4,8.8,0.18
east,sorghum,sowing,100,-4.6,36.5,5.7,6.8,0.22
east,sorghum,sowing,120,-1.3,71.0,8.2,14.8,0.21
east,sorghum,sowing,111,-2.3,61.7,0.8,11.0,0.12
east,sorghum,sowing,110,-2.5,43.6,6.3,11.6,0.1
east,sorghum,sowing,92,-5.7,60.9,5.6,10.7,0.08
east,sorghum,sowing,97,-4.9,47.8,2.2,10.2,0.19
east,sorghum,emergence,113,-2.5,46.8,7.2,11.5,0.13
east,sorghum,emergence,127,-0.2,43.8,1.5,10.8,0.19
east,sorghum,emergence,110,-2.6,40.1,4.7,9.2,0.19
east,sorghum,emergence,135,2.1,51.2,8.6,10.8,0.18
east,sorghum,emergence,120,-1.5,56.9,5.2,12.6,0.15
east,sorghum,emergence,132,-0.0,45.9,2.1,11.5,0.21
east,sorghum,emergence,133,-0.3,65.1,0.7,16.3,0.11
east,sorghum,emergence,126,-0.5,57.5,5.2,12.9,0.13
east,sorghum,tillering,161,6.4,50.9,1.0,13.6,0.1
east,sorghum,tillering,132,0.7,62.6,7.3,11.7,0.16
east,sorghum,tillering,158,4.8,45.0,8.1,15.7,0.22
east,sorghum,tillering,167,6.8,60.5,5.0,16.1,0.21
east,sorghum,tillering,168,7.5,73.6,7.4,17.9,0.22
east,sorghum,tillering,138,1.9,63.4,8.6,17.0,0.2
east,sorghum,tillering,134,1.0,37.6,0.2,10.7,0.14
east,sorghum,heading_flowering,213,12.8,73.6,4.5,21.3,0.42
east,sorghum,heading_flowering,204,13.2,73.6,5.6,16.9,0.43
east,sorghum,heading_flowering,193,9.0,45.0,3.5,13.4,0.17
east,sorghum,heading_flowering,205,11.1,67.1,2.5,16.9,0.36
east,sorghum,heading_flowering,233,15.3,72.1,11.9,19.7,0.15
east,sorghum,heading_flowering,217,11.4,44.9,9.7,15.4,0.41
east,sorghum,heading_flowering,198,13.4,59.6,6.0,17.9,0.24
east,sorghum,heading_flowering,201,10.7,46.0,2.3,18.4,0.33
east,sorghum,ripening_maturity,262,22.5,60.5,2.1,23.7,0.42
east,sorghum,ripening_maturity,247,14.8,70.9,4.1,19.8,0.31
east,sorghum,ripening_maturity,268,23.2,74.0,3.7,24.3,0.58
east,sorghum,ripening_maturity,265,19.7,47.8,2.7,22.3,0.18
east,sorghum,ripening_maturity,260,18.1,67.2,1.5,26.8,0.62
east,sorghum,ripening_maturity,261,20.2,63.5,10.2,19.3,0.24
east,sorghum,ripening_maturity,237,19.6,48.8,1.5,20.1,0.32
east,peas,sowing,112,-2.4,51.9,1.5,9.1,0.2
east,peas,sowing,115,-1.9,70.9,5.4,10.2,0.29
east,peas,sowing,110,-2.9,57.4,5.6,11.0,0.31
east,peas,sowing,118,-1.8,36.9,2.8,8.2,0.27
east,peas,sowing,107,-3.1,53.9,7.1,11.7,0.32
east,peas,sowing,100,-4.6,52.5,1.0,10.4,0.3
east,peas,sowing,102,-4.0,46.0,6.1,7.7,0.3
east,peas,sowing,113,-2.8,55.4,8.0,12.0,0.27
east,peas,emergence,110,-2.3,44.3,6.7,8.4,0.35
east,peas,emergence,122,-0.6,66.7,2.7,10.5,0.29
east,peas,emergence,139,2.2,58.7,9.2,14.6,0.23
east,peas,emergence,115,-1.9,46.1,5.3,7.8,0.15
east,peas,emergence,124,-0.7,42.7,4.4,9.9,0.25
east,peas,emergence,121,-1.0,67.0,3.7,11.2,0.27
east,peas,emergence,112,-3.0,64.1,1.1,10.5,0.21
east,peas,emergence,133,0.4,68.0,3.7,10.9,0.18
east,peas,tillering,155,3.3,50.2,8.5,11.2,0.26
east,peas,tillering,138,0.9,70.6,8.5,10.8,0.34
east,peas,tillering,145,1.4,48.5,3.2,12.8,0.27
east,peas,tillering,158,3.7,65.6,9.8,12.5,0.33
east,peas,tillering,163,6.2,41.8,6.1,10.5,0.36
east,peas,tillering,133,1.5,46.9,6.6,11.8,0.31
east,peas,tillering,166,5.7,43.7,4.1,13.8,0.14
east,peas,tillering,164,4.0,52.9,8.6,10.5,0.29
east,peas,heading_flowering,194,11.8,69.9,3.3,14.8,0.71
east,peas,heading_flowering,222,12.2,49.4,7.9,14.4,0.5
east,peas,heading_flowering,224,16.8,45.4,3.9,18.6,0.46
east,peas,heading_flowering,202,11.8,48.8,3.5,15.0,0.55
east,peas,heading_flowering,234,14.9,70.0,5.8,15.8,0.58
east,peas,heading_flowering,203,10.1,61.8,2.4,15.4,0.37
east,peas,heading_flowering,198,12.3,63.9,0.2,15.0,0.36
east,peas,heading_flowering,230,18.1,68.2,1.2,18.1,0.63
east,peas,ripening_maturity,223,15.5,45.1,11.4,18.2,0.35
east,peas,ripening_maturity,278,24.9,49.1,1.2,19.7,0.48
east,peas,ripening_maturity,250,18.4,76.0,10.3,16.3,0.81
east,peas,ripening_maturity,259,17.4,60.9,11.3,22.6,0.69
east,peas,ripening_maturity,235,14.0,60.8,7.3,16.5,0.57
east,peas,ripening_maturity,237,17.5,73.3,1.7,21.9,0.26
east,peas,ripening_maturity,238,18.7,56.5,5.4,20.8,0.5
east,peas,ripening_maturity,273,24.3,77.1,12.4,14.8,1.0
east,chickpeas,sowing,118,-1.2,69.7,3.3,9.5,0.13
east,chickpeas,sowing,111,-2.5,68.4,0.1,9.9,0.26
east,chickpeas,sowing,117,-1.8,68.0,2.0,7.4,0.21
east,chickpeas,sowing,107,-3.3,48.0,1.5,8.4,0.31
east,chickpeas,sowing,104,-4.0,49.6,5.3,8.3,0.29
east,chickpeas,sowing,105,-3.7,61.4,3.8,6.9,0.27
east,chickpeas,sowing,120,-0.6,39.2,4.7,7.8,0.27
east,chickpeas,sowing,92,-5.7,45.1,2.0,5.2,0.2
east,chickpeas,emergence,117,-1.9,39.6,2.8,7.4,0.31
east,chickpeas,emergence,121,-1.8,59.5,6.2,10.4,0.19
east,chickpeas,emergence,137,0.6,66.9,3.8,11.7,0.17
east,chickpeas,emergence,119,-2.1,53.3,1.1,8.7,0.25
east,chickpeas,emergence,126,-0.5,71.0,5.5,10.4,0.21
east,chickpeas,emergence,131,1.1,49.8,3.0,10.5,0.12
east,chickpeas,emergence,138,1.2,43.7,8.8,7.7,0.29
east,chickpeas,emergence,128,0.9,49.1,4.8,7.5,0.33
east,chickpeas,tillering,137,1.7,64.5,2.6,11.7,0.29
east,chickpeas,tillering,134,2.1,60.4,8.5,10.1,0.27
east,chickpeas,tillering,157,4.9,53.1,1.7,9.1,0.13
east,chickpeas,tillering,161,6.4,62.1,5.0,11.9,0.19
east,chickpeas,tillering,170,5.2,48.7,2.5,9.6,0.16
east,chickpeas,tillering,169,6.6,51.2,1.3,8.8,0.19
east,chickpeas,tillering,148,1.9,43.0,0.1,7.2,0.24
east,chickpeas,tillering,140,1.3,58.1,3.1,9.8,0.2
east,chickpeas,heading_flowering,239,15.1,49.4,7.6,10.7,0.59
east,chickpeas,heading_flowering,215,11.4,44.3,7.4,9.8,0.45
east,chickpeas,heading_flowering,238,15.8,75.5,12.8,16.2,0.48
east,chickpeas,heading_flowering,214,15.5,64.7,5.1,15.6,0.66
east,chickpeas,heading_flowering,232,19.4,48.7,6.4,16.6,0.37
east,chickpeas,heading_flowering,207,10.3,48.6,7.4,11.5,0.36
east,chickpeas,heading_flowering,194,9.1,41.3,1.7,10.8,0.33
east,chickpeas,ripening_maturity,261,17.7,60.6,6.6,18.1,0.36
east,chickpeas,ripening_maturity,273,20.0,64.0,12.9,17.2,0.25
east,chickpeas,ripening_maturity,235,14.9,62.3,7.2,18.0,0.32
east,chickpeas,ripening_maturity,258,21.3,62.8,3.6,16.2,0.66
east,chickpeas,ripening_maturity,274,20.4,50.7,8.3,15.5,0.52
east,chickpeas,ripening_maturity,260,20.1,74.2,3.7,16.2,0.91
east,chickpeas,ripening_maturity,245,20.7,62.4,9.5,16.3,0.23
east,chickpeas,ripening_maturity,243,14.9,52.8,4.4,16.1,0.53
east,sunflower,sowing,107,-3.0,65.8,7.2,10.6,0.16
east,sunflower,sowing,92,-5.7,38.6,1.1,5.7,0.29
east,sunflower,sowing,100,-4.4,37.9,0.2,8.0,0.2
east,sunflower,sowing,99,-4.7,59.6,1.1,7.7,0.26
east,sunflower,sowing,117,-1.2,40.2,4.8,9.1,0.13
east,sunflower,sowing,110,-2.8,70.0,7.9,9.2,0.26
east,sunflower,sowing,111,-2.8,54.3,3.7,9.2,0.25
east,sunflower,sowing,114,-1.8,41.9,3.1,7.2,0.16
east,sunflower,emergence,132,1.7,59.7,1.5,10.2,0.11
east,sunflower,emergence,125,0.2,37.2,0.1,9.2,0.3
east,sunflower,emergence,134,0.3,37.8,0.3,8.6,0.1
east,sunflower,emergence,110,-3.2,53.0,3.2,8.8,0.28
east,sunflower,emergence,119,-1.0,57.0,0.8,11.3,0.21
east,sunflower,emergence,137,2.6,60.1,1.1,13.2,0.29
east,sunflower,emergence,138,1.5,45.9,7.3,8.6,0.25
east,sunflower,tillering,155,3.1,54.3,5.2,11.2,0.26
east,sunflower,tillering,163,4.5,62.1,8.3,11.7,0.23
east,sunflower,tillering,134,0.6,69.1,8.4,11.3,0.24
east,sunflower,tillering,133,1.3,61.8,9.1,11.2,0.25
east,sunflower,tillering,157,4.3,66.2,8.2,14.8,0.11
east,sunflower,tillering,164,5.0,63.5,7.7,13.8,0.3
east,sunflower,tillering,139,1.5,49.0,5.7,11.2,0.2
east,sunflower,heading_flowering,238,18.5,76.8,11.1,19.5,0.81
east,sunflower,heading_flowering,200,9.1,69.4,9.1,14.9,0.12
east,sunflower,heading_flowering,210,10.1,74.5,0.1,16.4,0.49
east,sunflower,heading_flowering,191,10.8,71.5,4.5,15.6,0.25
east,sunflower,heading_flowering,204,10.5,42.5,2.5,10.5,0.23
east,sunflower,heading_flowering,230,15.2,73.3,3.4,15.5,0.46
east,sunflower,heading_flowering,235,20.3,53.8,11.9,20.4,0.3
east,sunflower,heading_flowering,190,9.5,67.7,0.4,15.1,0.22
east,sunflower,ripening_maturity,267,25.1,76.1,10.3,19.4,0.53
east,sunflower,ripening_maturity,236,18.1,69.2,10.9,20.7,0.56
east,sunflower,ripening_maturity,223,14.2,55.8,12.7,14.1,0.53
east,sunflower,ripening_maturity,257,24.5,68.1,8.0,17.4,0.33
east,sunflower,ripening_maturity,244,21.5,54.4,12.4,19.5,0.36
east,sunflower,ripening_maturity,235,14.9,63.2,11.9,16.7,0.54
east,sunflower,ripening_maturity,250,19.5,66.0,7.5,20.0,0.84
east,sugar_beet,sowing,111,-2.9,58.5,0.1,195.0,0.13
east,sugar_beet,sowing,95,-5.3,46.8,5.0,131.4,0.18
east,sugar_beet,sowing,120,-1.0,67.0,5.9,175.1,0.26
east,sugar_beet,sowing,92,-5.7,50.9,5.2,117.1,0.16
east,sugar_beet,sowing,119,-0.9,47.1,3.3,134.9,0.12
east,sugar_beet,sowing,105,-3.9,45.3,1.7,124.5,0.11
east,sugar_beet,sowing,93,-5.5,48.7,7.0,123.5,0.2
east,sugar_beet,sowing,91,-5.9,49.4,2.5,134.8,0.25
east,sugar_beet,emergence,120,-0.5,52.4,8.1,196.1,0.13
east,sugar_beet,emergence,115,-1.5,39.1,5.2,157.3,0.25
east,sugar_beet,emergence,117,-1.8,58.1,0.8,170.4,0.25
east,sugar_beet,emergence,110,-2.8,55.4,3.5,137.0,0.14
east,sugar_beet,emergence,129,0.2,58.1,0.2,154.0,0.12
east,sugar_beet,emergence,118,-2.0,66.6,8.1,149.0,0.22
east,sugar_beet,emergence,134,0.9,70.7,5.8,207.3,0.16
east,sugar_beet,emergence,132,-0.1,38.4,3.0,141.9,0.22
east,sugar_beet,tillering,142,2.1,70.4,4.0,173.6,0.18
east,sugar_beet,tillering,138,2.8,53.4,6.0,193.6,0.11
east,sugar_beet,tillering,162,7.1,59.7,0.3,196.0,0.23
east,sugar_beet,tillering,166,5.0,45.7,1.6,182.9,0.09
east,sugar_beet,tillering,137,2.1,41.9,6.0,191.4,0.12
east,sugar_beet,tillering,152,3.1,69.6,1.9,204.3,0.19
east,sugar_beet,tillering,161,3.4,66.5,4.3,231.3,0.11
east,sugar_beet,ripening_maturity,242,14.2,69.4,13.1,296.0,0.47
east,sugar_beet,ripening_maturity,266,25.6,72.3,6.1,355.9,0.4
east,sugar_beet,ripening_maturity,253,21.4,78.2,7.2,291.4,0.55
east,sugar_beet,ripening_maturity,265,18.5,66.2,8.3,329.0,0.7
east,sugar_beet,ripening_maturity,224,14.0,49.9,3.6,204.7,0.34
east,sugar_beet,ripening_maturity,264,20.5,69.8,7.2,302.3,0.59
east,sugar_beet,ripening_maturity,252,21.2,60.7,10.8,360.9,0.49
east,sugar_beet,ripening_maturity,273,19.4,76.7,7.0,251.2,0.64
east,soybeans,sowing,94,-5.3,40.3,7.5,5.1,0.15
east,soybeans,sowing,104,-3.7,69.8,5.8,9.8,0.31
east,soybeans,sowing,92,-5.7,43.0,2.4,5.3,0.24
east,soybeans,sowing,101,-4.4,46.4,0.1,6.5,0.13
east,soybeans,sowing,98,-4.9,64.2,0.7,9.5,0.23
east,soybeans,sowing,103,-3.8,62.2,6.4,10.0,0.27
east,soybeans,sowing,93,-5.5,58.6,3.2,7.5,0.24
east,soybeans,sowing,95,-5.3,41.7,0.6,7.2,0.3
east,soybeans,emergence,119,-0.8,60.9,2.9,8.3,0.12
east,soybeans,emergence,117,-2.2,47.2,0.5,7.1,0.12
east,soybeans,emergence,121,-0.4,37.7,7.0,6.9,0.26
east,soybeans,emergence,123,-1.6,38.5,6.1,7.1,0.19
east,soybeans,emergence,137,1.0,53.4,5.3,9.9,0.16
east,soybeans,emergence,111,-2.4,65.7,6.9,9.7,0.26
east,soybeans,emergence,140,1.0,56.3,1.6,9.3,0.19
east,soybeans,tillering,169,5.9,56.3,10.2,13.2,0.27
east,soybeans,tillering,160,5.5,49.5,4.0,9.4,0.23
east,soybeans,tillering,145,3.0,63.6,3.3,11.4,0.26
east,soybeans,tillering,141,1.6,48.2,6.5,9.9,0.18
east,soybeans,tillering,150,2.3,44.6,7.6,9.0,0.21
east,soybeans,tillering,140,2.3,64.2,9.3,10.5,0.12
east,soybeans,tillering,155,4.5,63.9,2.5,10.5,0.15
east,soybeans,heading_flowering,224,14.1,56.2,9.1,16.4,0.28
east,soybeans,heading_flowering,213,12.3,51.9,3.8,14.2,0.56
east,soybeans,heading_flowering,207,15.2,70.0,11.8,12.9,0.3
east,soybeans,heading_flowering,228,13.1,57.1,1.3,12.3,0.37
east,soybeans,heading_flowering,221,11.7,55.4,3.8,10.4,0.29
east,soybeans,heading_flowering,212,14.7,65.3,7.7,16.0,0.5
east,soybeans,ripening_maturity,279,24.8,58.1,12.2,15.4,0.49
east,soybeans,ripening_maturity,221,18.1,73.4,3.7,17.6,0.79
east,soybeans,ripening_maturity,241,21.7,67.1,12.5,14.8,0.35
east,soybeans,ripening_maturity,250,17.8,77.7,1.3,15.7,0.28
east,soybeans,ripening_maturity,233,20.1,73.3,1.6,14.9,0.48
east,soybeans,ripening_maturity,228,12.4,53.8,0.4,12.9,0.42
east,soybeans,ripening_maturity,257,16.2,57.6,12.6,14.9,0.36
east,flax,sowing,115,-1.8,63.0,7.1,5.5,0.09
east,flax,sowing,110,-3.3,63.4,0.4,5.4,0.18
east,flax,sowing,101,-4.4,47.0,0.7,4.3,0.09
east,flax,sowing,98,-4.9,47.5,5.9,5.4,0.15
east,flax,sowing,95,-5.2,52.8,4.7,4.2,0.19
east,flax,sowing,114,-2.0,51.6,8.0,5.9,0.15
east,flax,sowing,112,-2.5,44.0,0.4,5.2,0.12
east,flax,emergence,127,-0.1,56.3,7.9,7.1,0.22
east,flax,emergence,117,-2.0,71.0,5.2,6.7,0.09
east,flax,emergence,120,-1.3,41.3,0.2,4.8,0.09
east,flax,emergence,129,0.4,49.1,2.9,5.1,0.15
east,flax,emergence,121,-1.1,38.7,1.1,5.4,0.21
east,flax,emergence,135,0.5,59.6,6.4,6.4,0.09
east,flax,emergence,122,-0.8,68.4,7.5,5.9,0.17
east,flax,emergence,124,-1.4,52.8,7.3,4.5,0.18
east,flax,tillering,132,0.0,43.6,7.1,4.8,0.11
east,flax,tillering,135,0.9,48.7,6.7,6.3,0.14
east,flax,tillering,161,6.9,42.7,2.2,7.7,0.24
east,flax,tillering,130,-0.1,63.3,0.3,5.9,0.11
east,flax,tillering,138,0.5,54.5,9.0,5.9,0.14
east,flax,tillering,151,5.2,48.1,0.9,7.1,0.18
east,flax,tillering,165,5.6,48.4,1.8,6.2,0.17
east,flax,tillering,149,2.2,71.3,5.4,5.6,0.2
east,flax,heading_flowering,199,11.2,65.8,6.1,7.5,0.19
east,flax,heading_flowering,221,11.8,58.6,0.9,9.4,0.19
east,flax,heading_flowering,196,8.1,46.0,7.3,5.8,0.19
east,flax,heading_flowering,240,14.0,56.7,13.1,7.8,0.2
east,flax,heading_flowering,192,9.7,52.1,0.1,9.1,0.21
east,flax,heading_flowering,220,14.2,68.8,9.6,9.8,0.47
east,flax,heading_flowering,200,13.8,60.4,7.1,9.0,0.29
east,flax,ripening_maturity,258,19.4,70.0,11.4,11.0,0.25
east,flax,ripening_maturity,257,17.9,75.2,4.3,10.3,0.25
east,flax,ripening_maturity,266,19.2,51.6,8.1,11.6,0.37
east,flax,ripening_maturity,248,15.2,70.7,7.5,9.8,0.25
east,flax,ripening_maturity,256,19.6,44.4,7.6,10.8,0.28
east,flax,ripening_maturity,241,18.1,45.3,5.8,7.6,0.18
east,flax,ripening_maturity,271,23.5,71.7,9.0,11.3,0.7
east,flax,ripening_maturity,235,19.6,43.1,4.0,10.7,0.31
east,mustard,sowing,108,-3.5,39.7,4.8,3.3,0.09
east,mustard,sowing,110,-3.1,41.5,2.0,3.8,0.18
east,mustard,sowing,90,-6.0,69.9,7.3,4.7,0.07
east,mustard,sowing,102,-4.4,37.7,0.8,3.8,0.1
east,mustard,sowing,116,-2.0,65.6,6.9,6.1,0.11
east,mustard,sowing,105,-3.6,65.8,7.0,4.9,0.12
east,mustard,sowing,114,-2.6,64.2,1.6,4.2,0.19
east,mustard,sowing,100,-4.3,65.0,5.2,4.9,0.17
east,mustard,emergence,117,-1.4,64.7,3.1,4.6,0.16
east,mustard,emergence,119,-2.1,69.9,6.9,4.2,0.21
east,mustard,emergence,125,0.3,65.0,8.5,6.7,0.16
east,mustard,emergence,133,0.9,56.6,8.1,5.8,0.1
east,mustard,emergence,134,0.5,39.7,8.5,4.2,0.1
east,mustard,emergence,137,2.1,70.4,2.9,6.5,0.14
east,mustard,emergence,136,1.4,68.5,3.9,5.3,0.14
east,mustard,emergence,127,-0.4,42.8,1.8,4.1,0.2
east,mustard,tillering,135,0.6,70.4,0.9,5.5,0.14
east,mustard,tillering,143,2.1,45.9,3.8,4.9,0.14
east,mustard,tillering,147,2.5,45.0,9.1,4.2,0.19
east,mustard,tillering,149,2.6,45.1,5.0,5.2,0.2
east,mustard,tillering,156,3.1,58.2,3.4,5.6,0.16
east,mustard,tillering,142,2.1,72.3,5.7,4.8,0.1
east,mustard,tillering,158,3.6,54.0,0.3,4.9,0.2
east,mustard,tillering,153,3.8,44.0,2.6,4.8,0.08
east,mustard,heading_flowering,190,11.2,50.8,4.7,6.9,0.24
east,mustard,heading_flowering,203,11.9,51.6,8.7,7.1,0.27
east,mustard,heading_flowering,204,11.9,52.7,1.2,7.2,0.17
east,mustard,heading_flowering,237,17.4,50.2,1.3,7.8,0.35
east,mustard,heading_flowering,217,16.3,66.2,12.4,10.3,0.29
east,mustard,heading_flowering,239,17.0,48.2,5.6,8.4,0.39
east,mustard,ripening_maturity,245,22.3,47.6,0.7,7.6,0.3
east,mustard,ripening_maturity,277,19.2,71.2,0.8,10.4,0.26
east,mustard,ripening_maturity,241,17.4,66.4,6.2,10.6,0.19
east,mustard,ripening_maturity,265,20.5,76.3,12.6,8.4,0.41
east,mustard,ripening_maturity,246,16.1,77.5,9.8,6.9,0.31
east,mustard,ripening_maturity,248,21.8,68.8,11.4,8.5,0.48
east,mustard,ripening_maturity,222,15.5,54.1,2.6,8.4,0.22
east,potatoes,sowing,111,-2.8,37.7,6.0,107.3,0.33
east,potatoes,sowing,109,-2.8,68.2,2.8,102.7,0.26
east,potatoes,sowing,92,-5.7,53.7,5.7,110.0,0.31
east,potatoes,sowing,107,-3.6,47.8,0.3,110.0,0.38
east,potatoes,sowing,95,-5.3,44.8,0.1,77.4,0.26
east,potatoes,sowing,112,-2.0,69.0,1.0,106.7,0.24
east,potatoes,sowing,97,-4.8,68.5,7.8,133.3,0.25
east,potatoes,sowing,114,-1.6,59.1,6.1,109.1,0.35
east,potatoes,emergence,125,-0.9,54.6,5.1,142.9,0.21
east,potatoes,emergence,119,-1.0,62.1,6.8,136.6,0.2
east,potatoes,emergence,116,-2.3,43.1,0.9,97.6,0.16
east,potatoes,emergence,126,-1.0,55.5,2.6,102.4,0.27
east,potatoes,emergence,134,0.1,66.4,2.6,137.0,0.32
east,potatoes,emergence,110,-3.2,42.5,6.7,93.8,0.18
east,potatoes,emergence,131,-0.5,52.9,7.6,132.4,0.25
east,potatoes,emergence,137,1.6,38.5,5.9,104.2,0.14
east,potatoes,tillering,134,0.8,63.0,3.6,161.4,0.26
east,potatoes,tillering,135,-0.0,60.0,5.1,135.3,0.35
east,potatoes,tillering,144,1.8,50.5,8.3,149.8,0.2
east,potatoes,tillering,155,4.3,58.8,8.5,178.8,0.29
east,potatoes,tillering,137,0.5,44.0,7.2,100.1,0.4
east,potatoes,tillering,168,4.6,63.3,3.7,144.1,0.33
east,potatoes,heading_flowering,200,14.0,45.2,1.2,188.9,0.75
east,potatoes,heading_flowering,233,15.6,65.4,4.1,194.4,0.54
east,potatoes,heading_flowering,222,15.8,53.6,9.6,176.3,0.62
east,potatoes,heading_flowering,197,10.1,69.1,10.8,215.4,0.65
east,potatoes,heading_flowering,206,13.6,65.6,2.3,214.8,0.75
east,potatoes,heading_flowering,235,18.5,66.2,3.5,268.2,0.88
east,potatoes,heading_flowering,238,14.8,69.5,4.9,230.3,0.33
east,potatoes,heading_flowering,213,15.3,56.9,6.5,237.7,0.81
east,potatoes,ripening_maturity,233,13.0,42.9,10.1,169.0,0.44
east,potatoes,ripening_maturity,230,13.7,68.9,11.9,235.1,0.6
east,potatoes,ripening_maturity,251,20.2,74.1,4.3,236.7,1.0
east,potatoes,ripening_maturity,243,17.0,77.3,13.3,175.5,0.31
east,potatoes,ripening_maturity,270,19.0,67.7,11.6,241.6,1.0
east,potatoes,ripening_maturity,231,18.9,45.7,0.6,189.5,0.31
east,potatoes,ripening_maturity,266,20.7,57.1,6.8,229.7,0.82
east,potatoes,ripening_maturity,271,18.2,69.5,12.1,255.5,0.76
east,tomatoes,sowing,96,-5.1,61.0,3.9,193.2,0.3
east,tomatoes,sowing,94,-5.5,38.7,2.6,125.8,0.29
east,tomatoes,sowing,120,-1.3,52.5,4.5,188.4,0.44
east,tomatoes,sowing,119,-1.7,53.0,2.1,166.3,0.4
east,tomatoes,sowing,107,-3.6,37.1,2.8,136.7,0.17
east,tomatoes,sowing,105,-3.6,67.9,3.4,216.4,0.32
east,tomatoes,sowing,117,-2.2,69.2,0.2,190.8,0.43
east,tomatoes,sowing,115,-2.3,39.7,0.5,158.5,0.39
east,tomatoes,emergence,138,2.4,68.1,0.6,203.7,0.23
east,tomatoes,emergence,127,0.8,49.0,6.7,223.1,0.21
east,tomatoes,emergence,134,0.1,46.2,1.7,158.7,0.33
east,tomatoes,emergence,135,0.4,63.0,2.6,249.9,0.36
east,tomatoes,emergence,111,-2.6,70.4,4.8,226.8,0.28
east,tomatoes,emergence,122,-0.6,63.0,3.9,240.0,0.32
east,tomatoes,emergence,131,0.3,55.0,5.6,185.5,0.28
east,tomatoes,emergence,130,1.3,60.9,8.9,227.7,0.21
east,tomatoes,tillering,144,1.8,44.7,3.1,186.4,0.41
east,tomatoes,tillering,147,3.3,61.3,0.8,283.0,0.33
east,tomatoes,tillering,141,2.5,42.7,6.4,200.8,0.39
east,tomatoes,tillering,167,6.0,72.5,9.3,278.5,0.29
east,tomatoes,tillering,146,3.8,57.0,7.2,261.3,0.3
east,tomatoes,tillering,160,3.9,47.3,9.3,238.6,0.15
east,tomatoes,tillering,131,0.6,37.5,4.3,152.0,0.29
east,tomatoes,tillering,164,6.1,52.6,5.4,264.0,0.22
east,tomatoes,heading_flowering,228,13.4,60.9,0.7,317.5,0.38
east,tomatoes,heading_flowering,239,14.5,60.8,7.0,387.2,0.69
east,tomatoes,heading_flowering,206,10.3,51.0,9.5,259.3,0.9
east,tomatoes,heading_flowering,238,17.1,53.3,3.2,372.4,0.75
east,tomatoes,heading_flowering,199,10.5,46.9,8.6,273.2,0.42
east,tomatoes,heading_flowering,208,14.9,47.5,3.8,288.1,0.67
east,tomatoes,heading_flowering,194,9.9,65.5,10.1,263.4,0.36
east,tomatoes,heading_flowering,210,16.0,51.8,0.2,307.4,0.39
east,tomatoes,ripening_maturity,242,21.0,72.6,2.8,410.4,0.61
east,tomatoes,ripening_maturity,266,23.0,65.1,9.7,344.6,0.69
east,tomatoes,ripening_maturity,250,17.8,72.2,6.5,302.4,0.8
east,tomatoes,ripening_maturity,262,18.6,69.7,6.8,384.9,0.82
east,tomatoes,ripening_maturity,270,18.5,49.5,9.3,358.4,0.36
east,tomatoes,ripening_maturity,273,26.1,79.3,9.2,349.8,1.0
east,tomatoes,ripening_maturity,268,23.7,46.7,8.5,287.7,0.58
east,tomatoes,ripening_maturity,235,16.0,73.6,11.3,334.4,0.46
east,onions,sowing,95,-5.2,58.8,3.6,145.0,0.27
east,onions,sowing,119,-1.2,47.7,3.8,109.2,0.28
east,onions,sowing,107,-3.6,58.9,6.3,141.5,0.26
east,onions,sowing,120,-1.8,52.2,4.4,124.4,0.22
east,onions,sowing,94,-5.4,62.6,4.3,156.3,0.16
east,onions,sowing,102,-4.1,55.0,2.7,115.8,0.25
east,onions,sowing,104,-3.7,49.4,6.6,99.0,0.25
east,onions,emergence,116,-1.6,44.6,2.6,129.6,0.28
east,onions,emergence,118,-2.2,49.5,8.4,110.2,0.2
east,onions,emergence,131,-0.2,49.6,1.4,121.7,0.1
east,onions,emergence,120,-1.9,44.6,0.2,148.0,0.21
east,onions,emergence,133,1.0,47.4,1.0,166.8,0.21
east,onions,emergence,136,1.4,57.0,1.2,132.1,0.25
east,onions,emergence,126,-0.9,53.6,4.0,145.0,0.23
east,onions,tillering,162,5.6,54.7,1.5,203.3,0.17
east,onions,tillering,135,1.7,53.5,9.1,154.9,0.12
east,onions,tillering,155,5.5,57.1,0.3,165.0,0.22
east,onions,tillering,168,5.2,58.6,8.0,169.0,0.17
east,onions,tillering,154,5.2,65.7,6.8,193.5,0.15
east,onions,tillering,163,4.1,44.5,5.6,182.0,0.16
east,onions,tillering,160,3.9,70.6,2.2,171.6,0.18
east,onions,ripening_maturity,264,25.0,73.0,5.5,208.0,0.67
east,onions,ripening_maturity,266,26.2,65.5,10.5,228.4,0.64
east,onions,ripening_maturity,268,26.1,64.8,11.3,274.3,0.21
east,onions,ripening_maturity,254,18.8,54.3,3.6,205.6,0.51
east,onions,ripening_maturity,259,19.6,58.2,6.6,220.8,0.29
east,onions,ripening_maturity,271,22.5,64.6,4.3,315.1,0.38
east,onions,ripening_maturity,236,19.6,68.2,5.3,314.9,0.81
east,onions,ripening_maturity,232,17.2,59.6,7.5,216.7,0.35
east,apples,sowing,101,-4.1,67.9,5.1,109.6,0.15
east,apples,sowing,106,-3.4,69.7,4.1,77.0,0.18
east,apples,sowing,105,-3.5,44.9,0.7,73.4,0.2
east,apples,sowing,94,-5.4,40.0,7.0,70.3,0.24
east,apples,sowing,115,-2.0,37.1,0.3,69.9,0.32
east,apples,sowing,99,-4.6,59.9,5.0,104.5,0.32
east,apples,sowing,110,-3.3,40.2,7.9,72.9,0.19
east,apples,tillering,138,1.8,56.0,0.3,89.9,0.16
east,apples,tillering,142,1.6,71.1,0.9,130.7,0.2
east,apples,tillering,152,3.6,48.1,8.4,92.4,0.31
east,apples,tillering,159,5.1,48.4,4.0,128.4,0.34
east,apples,tillering,139,1.2,49.6,8.1,112.2,0.13
east,apples,tillering,132,0.3,71.7,3.4,99.3,0.28
east,apples,tillering,136,0.6,70.0,0.2,112.3,0.34
east,apples,heading_flowering,224,16.0,60.9,7.2,195.1,0.43
east,apples,heading_flowering,192,12.4,66.0,5.8,177.0,0.32
east,apples,heading_flowering,219,16.8,47.6,11.4,154.0,0.27
east,apples,heading_flowering,240,19.5,74.2,12.6,171.9,0.46
east,apples,heading_flowering,232,17.4,59.1,4.6,179.6,0.28
east,apples,heading_flowering,228,13.0,49.8,2.3,131.1,0.69
east,apples,heading_flowering,226,17.8,74.9,11.3,166.5,0.69
east,apples,heading_flowering,233,19.3,52.1,8.8,141.5,0.59
east,apples,ripening_maturity,233,17.8,46.5,2.0,147.2,0.73
east,apples,ripening_maturity,224,17.9,55.4,9.2,176.0,0.33
east,apples,ripening_maturity,242,14.0,49.6,3.0,167.7,0.33
east,apples,ripening_maturity,232,17.7,60.9,12.4,141.4,0.47
east,apples,ripening_maturity,247,22.3,68.6,3.7,224.5,0.88
east,apples,ripening_maturity,274,20.8,47.3,14.1,187.2,0.71
east,apples,ripening_maturity,230,17.8,50.4,12.5,126.7,0.42
east,apples,ripening_maturity,279,25.2,77.4,8.6,139.7,0.68
east,plums,sowing,97,-4.8,51.8,5.7,68.7,0.22
east,plums,sowing,101,-4.3,70.6,6.2,79.7,0.19
east,plums,sowing,98,-4.8,55.4,7.1,74.9,0.16
east,plums,sowing,95,-5.1,45.4,7.6,49.3,0.16
east,plums,sowing,115,-1.7,53.6,4.1,72.1,0.16
east,plums,sowing,90,-6.0,47.2,7.3,63.4,0.16
east,plums,sowing,94,-5.4,35.5,2.0,50.3,0.13
east,plums,sowing,103,-4.1,68.4,3.7,62.3,0.18
east,plums,tillering,142,1.4,61.9,3.2,79.5,0.17
east,plums,tillering,134,1.6,66.6,7.5,91.6,0.18
east,plums,tillering,136,0.4,51.1,6.6,87.2,0.15
east,plums,tillering,167,8.2,65.5,7.8,89.2,0.2
east,plums,tillering,158,3.8,65.8,9.8,88.0,0.27
east,plums,tillering,138,1.3,43.0,3.4,59.0,0.29
east,plums,heading_flowering,222,15.3,47.9,1.9,113.0,0.36
east,plums,heading_flowering,223,13.0,52.0,11.1,123.7,0.51
east,plums,heading_flowering,209,11.1,71.1,2.6,117.3,0.66
east,plums,heading_flowering,202,10.4,41.1,2.6,94.7,0.57
east,plums,heading_flowering,201,9.8,48.8,0.2,113.2,0.3
east,plums,heading_flowering,225,18.5,65.8,9.7,148.3,0.85
east,plums,heading_flowering,197,11.2,56.8,10.6,95.9,0.56
east,plums,heading_flowering,240,18.6,73.4,6.2,139.5,0.89
east,plums,ripening_maturity,267,23.8,52.9,5.3,139.3,0.58
east,plums,ripening_maturity,278,21.3,48.5,7.7,102.2,0.33
east,plums,ripening_maturity,228,14.4,44.5,1.3,86.7,0.55
east,plums,ripening_maturity,277,19.4,77.9,1.3,125.7,0.77
east,plums,ripening_maturity,255,19.9,59.3,11.0,147.1,0.5
east,plums,ripening_maturity,230,14.3,64.7,7.1,131.9,0.53
east,plums,ripening_maturity,240,16.0,66.6,2.9,115.8,0.36
east,plums,ripening_maturity,241,21.3,45.6,7.0,99.3,0.4
east,grapes,sowing,102,-4.4,55.0,2.7,45.3,0.23
east,grapes,sowing,97,-5.0,53.7,3.0,43.7,0.3
east,grapes,sowing,112,-2.2,64.8,6.5,59.1,0.35
east,grapes,sowing,93,-5.5,41.7,0.3,47.5,0.22
east,grapes,sowing,117,-2.2,50.9,3.5,50.1,0.25
east,grapes,sowing,109,-2.6,42.8,2.8,46.2,0.35
east,grapes,sowing,110,-2.8,69.4,2.9,61.0,0.35
east,grapes,tillering,149,3.4,60.7,0.7,77.8,0.29
east,grapes,tillering,139,1.0,69.6,4.1,70.5,0.13
east,grapes,tillering,161,4.6,66.8,2.2,77.8,0.3
east,grapes,tillering,159,6.4,69.0,2.6,94.8,0.28
east,grapes,tillering,167,6.9,62.4,6.4,88.5,0.18
east,grapes,tillering,164,5.3,39.8,5.0,58.4,0.3
east,grapes,tillering,134,0.4,47.9,5.6,55.9,0.2
east,grapes,tillering,162,6.8,71.3,2.7,74.1,0.36
east,grapes,heading_flowering,196,8.0,75.3,8.9,83.2,0.22
east,grapes,heading_flowering,232,14.0,48.9,0.4,86.4,0.69
east,grapes,heading_flowering,198,12.7,66.6,2.2,93.1,0.44
east,grapes,heading_flowering,214,11.0,62.8,5.8,96.8,0.51
east,grapes,heading_flowering,238,14.6,61.2,11.5,91.2,0.44
east,grapes,heading_flowering,237,20.2,49.7,8.0,100.8,0.33
east,grapes,heading_flowering,202,9.3,44.1,8.3,62.7,0.34
east,grapes,heading_flowering,230,15.8,57.6,9.1,95.5,0.3
east,grapes,ripening_maturity,231,15.0,57.1,0.3,80.7,0.51
east,grapes,ripening_maturity,278,26.7,68.3,9.7,101.8,1.0
east,grapes,ripening_maturity,271,19.4,72.5,1.0,115.6,0.64
east,grapes,ripening_maturity,260,23.6,59.1,4.9,114.0,0.58
east,grapes,ripening_maturity,257,20.6,52.2,3.0,97.5,0.65
east,grapes,ripening_maturity,258,22.1,55.4,12.5,98.1,0.43
east,grapes,ripening_maturity,222,15.6,55.4,1.4,97.7,0.57
azov,winter_wheat,heading_flowering,210,24.5,68.0,12.0,48.2,0.42
azov,winter_wheat,heading_flowering,215,25.0,70.0,10.0,49.0,0.45
south,corn,emergence,125,16.0,55.0,8.5,78.0,0.25
south,corn,emergence,128,17.0,60.0,9.0,80.0,0.28
south,corn,heading_flowering,220,28.0,85.0,15.0,85.0,0.75
northwest,winter_wheat,sowing,100,10.0,55.0,5.0,15.0,0.15
northwest,winter_wheat,sowing,105,11.0,58.0,6.0,16.0,0.18
east,sunflower,ripening_maturity,260,30.0,45.0,3.0,22.0,0.55
central_irrigated,sugar_beet,tillering,150,18.0,75.0,20.0,120.0,0.35
